-- phpMyAdmin SQL Dump
-- version 5.2.1
-- https://www.phpmyadmin.net/
--
-- Host: localhost:3306
-- Generation Time: Mar 03, 2025 at 02:45 PM
-- Server version: 8.0.32
-- PHP Version: 8.2.22

SET SQL_MODE = "NO_AUTO_VALUE_ON_ZERO";
START TRANSACTION;
SET time_zone = "+00:00";


/*!40101 SET @OLD_CHARACTER_SET_CLIENT=@@CHARACTER_SET_CLIENT */;
/*!40101 SET @OLD_CHARACTER_SET_RESULTS=@@CHARACTER_SET_RESULTS */;
/*!40101 SET @OLD_COLLATION_CONNECTION=@@COLLATION_CONNECTION */;
/*!40101 SET NAMES utf8mb4 */;

--
-- Database: `klinikconnect`
--

-- --------------------------------------------------------

--
-- Table structure for table `announcements`
--

CREATE TABLE `announcements` (
  `id` bigint UNSIGNED NOT NULL,
  `title` varchar(255) COLLATE utf8mb4_unicode_ci NOT NULL,
  `description` text COLLATE utf8mb4_unicode_ci NOT NULL,
  `created_at` timestamp NULL DEFAULT NULL,
  `updated_at` timestamp NULL DEFAULT NULL
) ENGINE=InnoDB DEFAULT CHARSET=utf8mb4 COLLATE=utf8mb4_unicode_ci;

--
-- Dumping data for table `announcements`
--

INSERT INTO `announcements` (`id`, `title`, `description`, `created_at`, `updated_at`) VALUES
(1, 'Jam Operasional Baru', 'Kami sekarang buka dari jam 7 pagi hingga jam 6 sore.', '2025-03-03 14:25:42', '2025-03-03 14:25:42'),
(2, 'Jadwal Hari Libur', 'Kami akan tutup pada hari libur umum.', '2025-03-03 14:25:42', '2025-03-03 14:25:42'),
(3, 'Seminar Kesehatan', 'Bergabunglah dengan kami dalam seminar kesehatan pada tanggal 15 bulan depan.', '2025-03-03 14:25:42', '2025-03-03 14:25:42'),
(4, 'Vaksin Flu Tersedia', 'Vaksin flu sekarang tersedia. Hubungi resepsionis untuk informasi lebih lanjut.', '2025-03-03 14:25:42', '2025-03-03 14:25:42'),
(5, 'Spesialis Baru', 'Kami menyambut Dr. Smith, seorang spesialis dalam neurologi.', '2025-03-03 14:25:42', '2025-03-03 14:25:42'),
(6, 'Pembaruan Parkir', 'Konstruksi parkir akan dimulai minggu depan.', '2025-03-03 14:25:42', '2025-03-03 14:25:42'),
(7, 'Janji Online', 'Anda sekarang dapat memesan janji online.', '2025-03-03 14:25:42', '2025-03-03 14:25:42'),
(8, 'Portal Pasien', 'Akses rekam medis Anda melalui portal pasien kami yang baru.', '2025-03-03 14:25:42', '2025-03-03 14:25:42'),
(9, 'Pedoman Covid-19', 'Mohon ikuti pedoman Covid-19 kami yang diperbarui.', '2025-03-03 14:25:42', '2025-03-03 14:25:42'),
(10, 'Acara Amal', 'Bergabunglah dengan kami dalam acara amal tahunan kami.', '2025-03-03 14:25:42', '2025-03-03 14:25:42'),
(11, 'Tips Gizi', 'Lihat blog kami untuk tips gizi mingguan.', '2025-03-03 14:25:42', '2025-03-03 14:25:42'),
(12, 'Pelatihan Staf', 'Klinik akan tutup untuk pelatihan staf pada tanggal 10.', '2025-03-03 14:25:42', '2025-03-03 14:25:42'),
(13, 'Program Keterlibatan Masyarakat', 'Bergabunglah dengan program keterlibatan masyarakat kami.', '2025-03-03 14:25:42', '2025-03-03 14:25:42'),
(14, 'Umpan Balik', 'Kami menghargai umpan balik Anda. Silakan isi survei kami.', '2025-03-03 14:25:42', '2025-03-03 14:25:42'),
(15, 'Kontak Darurat', 'Perbarui kontak darurat Anda di resepsionis.', '2025-03-03 14:25:42', '2025-03-03 14:25:42');

-- --------------------------------------------------------

--
-- Table structure for table `appointments`
--

CREATE TABLE `appointments` (
  `id` bigint UNSIGNED NOT NULL,
  `doctor_id` bigint UNSIGNED NOT NULL,
  `patient_id` bigint UNSIGNED NOT NULL,
  `start_time` datetime NOT NULL,
  `end_time` datetime NOT NULL,
  `status` enum('Completed','Pending','Canceled') COLLATE utf8mb4_unicode_ci NOT NULL DEFAULT 'Pending',
  `notes` text COLLATE utf8mb4_unicode_ci,
  `created_at` timestamp NULL DEFAULT NULL,
  `updated_at` timestamp NULL DEFAULT NULL
) ENGINE=InnoDB DEFAULT CHARSET=utf8mb4 COLLATE=utf8mb4_unicode_ci;

--
-- Dumping data for table `appointments`
--

INSERT INTO `appointments` (`id`, `doctor_id`, `patient_id`, `start_time`, `end_time`, `status`, `notes`, `created_at`, `updated_at`) VALUES
(1, 4, 63, '2025-03-12 21:25:42', '2025-03-05 21:25:42', 'Canceled', NULL, '2025-03-03 14:25:42', '2025-03-03 14:25:42'),
(2, 9, 90, '2025-03-09 21:25:42', '2025-03-18 21:25:42', 'Canceled', NULL, '2025-03-03 14:25:42', '2025-03-03 14:25:42'),
(3, 8, 89, '2025-03-20 21:25:42', '2025-03-15 21:25:42', 'Completed', NULL, '2025-03-03 14:25:42', '2025-03-03 14:25:42'),
(4, 2, 12, '2025-03-19 21:25:42', '2025-03-28 21:25:42', 'Canceled', NULL, '2025-03-03 14:25:42', '2025-03-03 14:25:42'),
(5, 4, 85, '2025-03-16 21:25:42', '2025-03-22 21:25:42', 'Completed', NULL, '2025-03-03 14:25:42', '2025-03-03 14:25:42'),
(6, 10, 77, '2025-03-08 21:25:42', '2025-04-02 21:25:42', 'Pending', NULL, '2025-03-03 14:25:42', '2025-03-03 14:25:42'),
(7, 5, 14, '2025-03-28 21:25:42', '2025-03-24 21:25:42', 'Canceled', NULL, '2025-03-03 14:25:42', '2025-03-03 14:25:42'),
(8, 1, 93, '2025-03-28 21:25:42', '2025-03-04 21:25:42', 'Canceled', NULL, '2025-03-03 14:25:42', '2025-03-03 14:25:42'),
(9, 8, 13, '2025-03-11 21:25:42', '2025-03-09 21:25:42', 'Completed', NULL, '2025-03-03 14:25:42', '2025-03-03 14:25:42'),
(10, 8, 25, '2025-03-26 21:25:42', '2025-03-23 21:25:42', 'Pending', NULL, '2025-03-03 14:25:42', '2025-03-03 14:25:42'),
(11, 8, 94, '2025-03-10 21:25:42', '2025-03-20 21:25:42', 'Completed', NULL, '2025-03-03 14:25:42', '2025-03-03 14:25:42'),
(12, 6, 57, '2025-04-02 21:25:42', '2025-03-14 21:25:42', 'Canceled', NULL, '2025-03-03 14:25:42', '2025-03-03 14:25:42'),
(13, 7, 36, '2025-03-07 21:25:42', '2025-03-06 21:25:42', 'Pending', NULL, '2025-03-03 14:25:42', '2025-03-03 14:25:42'),
(14, 2, 16, '2025-03-08 21:25:42', '2025-03-20 21:25:42', 'Canceled', NULL, '2025-03-03 14:25:42', '2025-03-03 14:25:42'),
(15, 7, 91, '2025-03-20 21:25:42', '2025-03-19 21:25:42', 'Canceled', NULL, '2025-03-03 14:25:42', '2025-03-03 14:25:42'),
(16, 5, 30, '2025-03-23 21:25:42', '2025-03-31 21:25:42', 'Canceled', NULL, '2025-03-03 14:25:42', '2025-03-03 14:25:42'),
(17, 1, 52, '2025-03-31 21:25:42', '2025-03-17 21:25:42', 'Completed', NULL, '2025-03-03 14:25:42', '2025-03-03 14:25:42'),
(18, 6, 47, '2025-03-28 21:25:42', '2025-03-16 21:25:42', 'Completed', NULL, '2025-03-03 14:25:42', '2025-03-03 14:25:42'),
(19, 7, 1, '2025-03-17 21:25:42', '2025-03-16 21:25:42', 'Completed', NULL, '2025-03-03 14:25:42', '2025-03-03 14:25:42'),
(20, 1, 11, '2025-03-27 21:25:42', '2025-03-09 21:25:42', 'Pending', NULL, '2025-03-03 14:25:42', '2025-03-03 14:25:42'),
(21, 10, 13, '2025-03-09 21:25:42', '2025-03-17 21:25:42', 'Completed', NULL, '2025-03-03 14:25:42', '2025-03-03 14:25:42'),
(22, 6, 27, '2025-03-31 21:25:42', '2025-03-16 21:25:42', 'Completed', NULL, '2025-03-03 14:25:42', '2025-03-03 14:25:42'),
(23, 4, 99, '2025-03-09 21:25:42', '2025-03-09 21:25:42', 'Canceled', NULL, '2025-03-03 14:25:42', '2025-03-03 14:25:42'),
(24, 7, 79, '2025-03-27 21:25:42', '2025-03-26 21:25:42', 'Completed', NULL, '2025-03-03 14:25:42', '2025-03-03 14:25:42'),
(25, 3, 90, '2025-03-19 21:25:42', '2025-03-21 21:25:42', 'Pending', NULL, '2025-03-03 14:25:42', '2025-03-03 14:25:42'),
(26, 1, 66, '2025-03-21 21:25:42', '2025-03-16 21:25:42', 'Canceled', NULL, '2025-03-03 14:25:42', '2025-03-03 14:25:42'),
(27, 5, 26, '2025-03-11 21:25:42', '2025-03-22 21:25:42', 'Completed', NULL, '2025-03-03 14:25:42', '2025-03-03 14:25:42'),
(28, 4, 74, '2025-03-03 21:25:42', '2025-03-09 21:25:42', 'Completed', NULL, '2025-03-03 14:25:42', '2025-03-03 14:25:42'),
(29, 8, 44, '2025-03-22 21:25:42', '2025-03-07 21:25:42', 'Canceled', NULL, '2025-03-03 14:25:42', '2025-03-03 14:25:42'),
(30, 9, 45, '2025-03-07 21:25:42', '2025-03-22 21:25:42', 'Pending', NULL, '2025-03-03 14:25:42', '2025-03-03 14:25:42'),
(31, 1, 93, '2025-03-18 21:25:42', '2025-03-05 21:25:42', 'Completed', NULL, '2025-03-03 14:25:42', '2025-03-03 14:25:42'),
(32, 10, 99, '2025-03-25 21:25:42', '2025-03-29 21:25:42', 'Pending', NULL, '2025-03-03 14:25:42', '2025-03-03 14:25:42'),
(33, 6, 51, '2025-03-23 21:25:42', '2025-03-22 21:25:42', 'Canceled', NULL, '2025-03-03 14:25:42', '2025-03-03 14:25:42'),
(34, 6, 58, '2025-03-23 21:25:42', '2025-03-06 21:25:42', 'Canceled', NULL, '2025-03-03 14:25:42', '2025-03-03 14:25:42'),
(35, 2, 67, '2025-03-27 21:25:42', '2025-03-25 21:25:42', 'Pending', NULL, '2025-03-03 14:25:42', '2025-03-03 14:25:42'),
(36, 10, 99, '2025-03-04 21:25:42', '2025-03-20 21:25:42', 'Pending', NULL, '2025-03-03 14:25:42', '2025-03-03 14:25:42'),
(37, 1, 15, '2025-03-07 21:25:42', '2025-03-09 21:25:42', 'Canceled', NULL, '2025-03-03 14:25:42', '2025-03-03 14:25:42'),
(38, 5, 12, '2025-03-25 21:25:42', '2025-03-08 21:25:42', 'Completed', NULL, '2025-03-03 14:25:42', '2025-03-03 14:25:42'),
(39, 6, 30, '2025-03-17 21:25:42', '2025-03-16 21:25:42', 'Pending', NULL, '2025-03-03 14:25:42', '2025-03-03 14:25:42'),
(40, 5, 54, '2025-03-22 21:25:42', '2025-03-19 21:25:42', 'Completed', NULL, '2025-03-03 14:25:42', '2025-03-03 14:25:42'),
(41, 10, 59, '2025-03-13 21:25:42', '2025-03-10 21:25:42', 'Pending', NULL, '2025-03-03 14:25:42', '2025-03-03 14:25:42'),
(42, 5, 99, '2025-04-01 21:25:42', '2025-03-09 21:25:42', 'Completed', NULL, '2025-03-03 14:25:42', '2025-03-03 14:25:42'),
(43, 4, 65, '2025-03-26 21:25:42', '2025-04-01 21:25:42', 'Completed', NULL, '2025-03-03 14:25:42', '2025-03-03 14:25:42'),
(44, 7, 46, '2025-03-11 21:25:42', '2025-03-20 21:25:42', 'Completed', NULL, '2025-03-03 14:25:42', '2025-03-03 14:25:42'),
(45, 9, 36, '2025-03-21 21:25:42', '2025-03-31 21:25:42', 'Canceled', NULL, '2025-03-03 14:25:42', '2025-03-03 14:25:42'),
(46, 8, 76, '2025-04-01 21:25:42', '2025-03-10 21:25:42', 'Pending', NULL, '2025-03-03 14:25:42', '2025-03-03 14:25:42'),
(47, 2, 40, '2025-03-25 21:25:42', '2025-03-27 21:25:42', 'Pending', NULL, '2025-03-03 14:25:42', '2025-03-03 14:25:42'),
(48, 1, 100, '2025-03-22 21:25:42', '2025-03-04 21:25:42', 'Canceled', NULL, '2025-03-03 14:25:42', '2025-03-03 14:25:42'),
(49, 4, 47, '2025-03-05 21:25:42', '2025-03-29 21:25:42', 'Pending', NULL, '2025-03-03 14:25:42', '2025-03-03 14:25:42'),
(50, 9, 40, '2025-03-16 21:25:42', '2025-03-03 21:25:42', 'Canceled', NULL, '2025-03-03 14:25:42', '2025-03-03 14:25:42'),
(51, 10, 30, '2025-03-16 21:25:42', '2025-03-12 21:25:42', 'Completed', NULL, '2025-03-03 14:25:42', '2025-03-03 14:25:42'),
(52, 7, 24, '2025-03-19 21:25:42', '2025-03-24 21:25:42', 'Pending', NULL, '2025-03-03 14:25:42', '2025-03-03 14:25:42'),
(53, 9, 25, '2025-03-08 21:25:42', '2025-03-27 21:25:42', 'Pending', NULL, '2025-03-03 14:25:42', '2025-03-03 14:25:42'),
(54, 4, 16, '2025-04-01 21:25:42', '2025-03-08 21:25:42', 'Completed', NULL, '2025-03-03 14:25:42', '2025-03-03 14:25:42'),
(55, 2, 47, '2025-03-16 21:25:42', '2025-03-11 21:25:42', 'Pending', NULL, '2025-03-03 14:25:42', '2025-03-03 14:25:42'),
(56, 9, 82, '2025-04-01 21:25:42', '2025-03-20 21:25:42', 'Canceled', NULL, '2025-03-03 14:25:42', '2025-03-03 14:25:42'),
(57, 3, 44, '2025-03-04 21:25:42', '2025-03-09 21:25:42', 'Canceled', NULL, '2025-03-03 14:25:42', '2025-03-03 14:25:42'),
(58, 10, 40, '2025-03-05 21:25:42', '2025-03-18 21:25:42', 'Canceled', NULL, '2025-03-03 14:25:42', '2025-03-03 14:25:42'),
(59, 4, 30, '2025-03-25 21:25:42', '2025-03-14 21:25:42', 'Pending', NULL, '2025-03-03 14:25:42', '2025-03-03 14:25:42'),
(60, 8, 26, '2025-03-25 21:25:42', '2025-03-05 21:25:42', 'Canceled', NULL, '2025-03-03 14:25:42', '2025-03-03 14:25:42'),
(61, 5, 17, '2025-03-19 21:25:42', '2025-03-11 21:25:42', 'Canceled', NULL, '2025-03-03 14:25:42', '2025-03-03 14:25:42'),
(62, 7, 84, '2025-03-09 21:25:42', '2025-03-19 21:25:42', 'Canceled', NULL, '2025-03-03 14:25:42', '2025-03-03 14:25:42'),
(63, 8, 2, '2025-03-31 21:25:42', '2025-03-18 21:25:42', 'Completed', NULL, '2025-03-03 14:25:42', '2025-03-03 14:43:14'),
(64, 7, 73, '2025-03-05 21:25:42', '2025-03-17 21:25:42', 'Completed', NULL, '2025-03-03 14:25:42', '2025-03-03 14:25:42'),
(65, 9, 95, '2025-03-09 21:25:42', '2025-03-29 21:25:42', 'Canceled', NULL, '2025-03-03 14:25:42', '2025-03-03 14:25:42'),
(66, 5, 39, '2025-03-20 21:25:42', '2025-03-17 21:25:42', 'Canceled', NULL, '2025-03-03 14:25:42', '2025-03-03 14:25:42'),
(67, 8, 81, '2025-03-30 21:25:42', '2025-03-24 21:25:42', 'Completed', NULL, '2025-03-03 14:25:42', '2025-03-03 14:25:42'),
(68, 1, 73, '2025-03-18 21:25:42', '2025-03-10 21:25:42', 'Pending', NULL, '2025-03-03 14:25:42', '2025-03-03 14:25:42'),
(69, 1, 27, '2025-03-15 21:25:42', '2025-03-11 21:25:42', 'Pending', NULL, '2025-03-03 14:25:42', '2025-03-03 14:25:42'),
(70, 8, 36, '2025-03-09 21:25:42', '2025-03-27 21:25:42', 'Canceled', NULL, '2025-03-03 14:25:42', '2025-03-03 14:25:42'),
(71, 6, 64, '2025-03-12 21:25:42', '2025-04-02 21:25:42', 'Pending', NULL, '2025-03-03 14:25:42', '2025-03-03 14:25:42'),
(72, 2, 92, '2025-03-17 21:25:42', '2025-03-07 21:25:42', 'Pending', NULL, '2025-03-03 14:25:42', '2025-03-03 14:25:42'),
(73, 1, 100, '2025-03-27 21:25:42', '2025-03-21 21:25:42', 'Completed', NULL, '2025-03-03 14:25:42', '2025-03-03 14:25:42'),
(74, 2, 93, '2025-03-26 21:25:42', '2025-03-23 21:25:42', 'Canceled', NULL, '2025-03-03 14:25:42', '2025-03-03 14:25:42'),
(75, 2, 54, '2025-03-24 21:25:42', '2025-03-20 21:25:42', 'Completed', NULL, '2025-03-03 14:25:42', '2025-03-03 14:25:42'),
(76, 10, 1, '2025-03-03 06:30:00', '2025-03-03 21:30:00', 'Canceled', NULL, '2025-03-03 14:30:10', '2025-03-03 14:34:19'),
(77, 10, 1, '2025-03-03 21:31:00', '2025-03-03 21:32:00', 'Completed', NULL, '2025-03-03 14:31:09', '2025-03-03 14:34:20'),
(78, 10, 1, '2025-03-03 07:00:00', '2025-03-03 13:00:00', 'Completed', NULL, '2025-03-03 14:40:24', '2025-03-03 14:40:45'),
(79, 10, 2, '2025-03-03 21:41:00', '2025-03-03 21:45:00', 'Canceled', '21.41 - 21.45', '2025-03-03 14:41:55', '2025-03-03 14:43:12'),
(80, 8, 2, '2025-03-03 21:42:00', '2025-03-03 21:49:00', 'Completed', '21.42 - 21.49', '2025-03-03 14:43:01', '2025-03-03 14:43:16'),
(81, 10, 102, '2025-03-03 21:44:00', '2025-03-03 21:48:00', 'Completed', '21.44 - 21.48', '2025-03-03 14:44:31', '2025-03-03 14:45:25'),
(82, 10, 102, '2025-03-03 21:45:00', '2025-03-03 21:49:00', 'Canceled', '21.45 - 21.49', '2025-03-03 14:45:01', '2025-03-03 14:45:26'),
(83, 10, 102, '2025-03-03 21:45:00', '2025-03-03 21:46:00', 'Completed', '21.45 - 21.46', '2025-03-03 14:45:16', '2025-03-03 14:45:28');

-- --------------------------------------------------------

--
-- Table structure for table `doctors`
--

CREATE TABLE `doctors` (
  `id` bigint UNSIGNED NOT NULL,
  `user_id` bigint UNSIGNED NOT NULL,
  `name` varchar(255) COLLATE utf8mb4_unicode_ci NOT NULL,
  `specialization_id` bigint UNSIGNED NOT NULL,
  `phone` varchar(255) COLLATE utf8mb4_unicode_ci NOT NULL,
  `email` varchar(255) COLLATE utf8mb4_unicode_ci NOT NULL,
  `created_at` timestamp NULL DEFAULT NULL,
  `updated_at` timestamp NULL DEFAULT NULL
) ENGINE=InnoDB DEFAULT CHARSET=utf8mb4 COLLATE=utf8mb4_unicode_ci;

--
-- Dumping data for table `doctors`
--

INSERT INTO `doctors` (`id`, `user_id`, `name`, `specialization_id`, `phone`, `email`, `created_at`, `updated_at`) VALUES
(1, 2, 'Dokter 1', 1, '0372 9229 813', 'dokter1@gmail.com', '2025-03-03 14:25:13', '2025-03-03 14:25:13'),
(2, 3, 'Dokter 2', 9, '0234 5523 1348', 'dokter2@gmail.com', '2025-03-03 14:25:13', '2025-03-03 14:25:13'),
(3, 4, 'Dokter 3', 10, '(+62) 819 9093 2439', 'dokter3@gmail.com', '2025-03-03 14:25:13', '2025-03-03 14:25:13'),
(4, 5, 'Dokter 4', 8, '(+62) 379 7771 0595', 'dokter4@gmail.com', '2025-03-03 14:25:13', '2025-03-03 14:25:13'),
(5, 6, 'Dokter 5', 4, '(+62) 406 5205 108', 'dokter5@gmail.com', '2025-03-03 14:25:14', '2025-03-03 14:25:14'),
(6, 7, 'Dokter 6', 2, '(+62) 537 7089 4167', 'dokter6@gmail.com', '2025-03-03 14:25:14', '2025-03-03 14:25:14'),
(7, 8, 'Dokter 7', 8, '(+62) 814 2061 7314', 'dokter7@gmail.com', '2025-03-03 14:25:14', '2025-03-03 14:25:14'),
(8, 9, 'Dokter 8', 10, '(+62) 208 3449 684', 'dokter8@gmail.com', '2025-03-03 14:25:14', '2025-03-03 14:25:14'),
(9, 10, 'Dokter 9', 5, '(+62) 562 7489 135', 'dokter9@gmail.com', '2025-03-03 14:25:14', '2025-03-03 14:25:14'),
(10, 11, 'Dokter 10', 4, '0809 4483 866', 'dokter10@gmail.com', '2025-03-03 14:25:15', '2025-03-03 14:25:15');

-- --------------------------------------------------------

--
-- Table structure for table `doctor_schedules`
--

CREATE TABLE `doctor_schedules` (
  `id` bigint UNSIGNED NOT NULL,
  `doctor_id` bigint UNSIGNED NOT NULL,
  `day` enum('Senin','Selasa','Rabu','Kamis','Jumat') COLLATE utf8mb4_unicode_ci NOT NULL,
  `start_time` time NOT NULL,
  `end_time` time NOT NULL,
  `created_at` timestamp NULL DEFAULT NULL,
  `updated_at` timestamp NULL DEFAULT NULL
) ENGINE=InnoDB DEFAULT CHARSET=utf8mb4 COLLATE=utf8mb4_unicode_ci;

--
-- Dumping data for table `doctor_schedules`
--

INSERT INTO `doctor_schedules` (`id`, `doctor_id`, `day`, `start_time`, `end_time`, `created_at`, `updated_at`) VALUES
(1, 2, 'Jumat', '07:00:00', '13:00:00', '2025-03-03 14:25:13', '2025-03-03 14:25:13'),
(2, 3, 'Kamis', '07:00:00', '13:00:00', '2025-03-03 14:25:13', '2025-03-03 14:25:13'),
(3, 4, 'Rabu', '07:00:00', '13:00:00', '2025-03-03 14:25:13', '2025-03-03 14:25:13'),
(4, 5, 'Kamis', '07:00:00', '13:00:00', '2025-03-03 14:25:13', '2025-03-03 14:25:13'),
(5, 6, 'Senin', '07:00:00', '13:00:00', '2025-03-03 14:25:14', '2025-03-03 14:25:14'),
(6, 7, 'Jumat', '07:00:00', '13:00:00', '2025-03-03 14:25:14', '2025-03-03 14:25:14'),
(7, 8, 'Jumat', '07:00:00', '13:00:00', '2025-03-03 14:25:14', '2025-03-03 14:25:14'),
(8, 9, 'Kamis', '07:00:00', '13:00:00', '2025-03-03 14:25:14', '2025-03-03 14:25:14'),
(9, 10, 'Jumat', '07:00:00', '13:00:00', '2025-03-03 14:25:14', '2025-03-03 14:25:14'),
(10, 11, 'Kamis', '07:00:00', '13:00:00', '2025-03-03 14:25:15', '2025-03-03 14:25:15');

-- --------------------------------------------------------

--
-- Table structure for table `doctor_testimonials`
--

CREATE TABLE `doctor_testimonials` (
  `id` bigint UNSIGNED NOT NULL,
  `doctor_id` bigint UNSIGNED NOT NULL,
  `rating` int NOT NULL,
  `created_at` timestamp NULL DEFAULT NULL,
  `updated_at` timestamp NULL DEFAULT NULL
) ENGINE=InnoDB DEFAULT CHARSET=utf8mb4 COLLATE=utf8mb4_unicode_ci;

--
-- Dumping data for table `doctor_testimonials`
--

INSERT INTO `doctor_testimonials` (`id`, `doctor_id`, `rating`, `created_at`, `updated_at`) VALUES
(1, 8, 5, '2025-03-03 14:25:15', '2025-03-03 14:25:15'),
(2, 2, 2, '2025-03-03 14:25:15', '2025-03-03 14:25:15'),
(3, 5, 3, '2025-03-03 14:25:15', '2025-03-03 14:25:15'),
(4, 7, 2, '2025-03-03 14:25:15', '2025-03-03 14:25:15'),
(5, 4, 4, '2025-03-03 14:25:15', '2025-03-03 14:25:15'),
(6, 5, 5, '2025-03-03 14:25:15', '2025-03-03 14:25:15'),
(7, 2, 5, '2025-03-03 14:25:15', '2025-03-03 14:25:15'),
(8, 8, 1, '2025-03-03 14:25:15', '2025-03-03 14:25:15'),
(9, 5, 2, '2025-03-03 14:25:15', '2025-03-03 14:25:15'),
(10, 3, 2, '2025-03-03 14:25:15', '2025-03-03 14:25:15'),
(11, 7, 1, '2025-03-03 14:25:15', '2025-03-03 14:25:15'),
(12, 9, 5, '2025-03-03 14:25:15', '2025-03-03 14:25:15'),
(13, 3, 2, '2025-03-03 14:25:15', '2025-03-03 14:25:15'),
(14, 8, 2, '2025-03-03 14:25:15', '2025-03-03 14:25:15'),
(15, 11, 1, '2025-03-03 14:25:15', '2025-03-03 14:25:15'),
(16, 4, 4, '2025-03-03 14:25:15', '2025-03-03 14:25:15'),
(17, 4, 5, '2025-03-03 14:25:15', '2025-03-03 14:25:15'),
(18, 5, 3, '2025-03-03 14:25:15', '2025-03-03 14:25:15'),
(19, 6, 3, '2025-03-03 14:25:15', '2025-03-03 14:25:15'),
(20, 2, 2, '2025-03-03 14:25:15', '2025-03-03 14:25:15'),
(21, 3, 1, '2025-03-03 14:25:15', '2025-03-03 14:25:15'),
(22, 8, 5, '2025-03-03 14:25:15', '2025-03-03 14:25:15'),
(23, 11, 4, '2025-03-03 14:25:15', '2025-03-03 14:25:15'),
(24, 10, 1, '2025-03-03 14:25:15', '2025-03-03 14:25:15'),
(25, 6, 1, '2025-03-03 14:25:15', '2025-03-03 14:25:15'),
(26, 10, 3, '2025-03-03 14:25:15', '2025-03-03 14:25:15'),
(27, 11, 5, '2025-03-03 14:25:15', '2025-03-03 14:25:15'),
(28, 8, 4, '2025-03-03 14:25:15', '2025-03-03 14:25:15'),
(29, 5, 2, '2025-03-03 14:25:15', '2025-03-03 14:25:15'),
(30, 5, 2, '2025-03-03 14:25:15', '2025-03-03 14:25:15'),
(31, 7, 2, '2025-03-03 14:25:15', '2025-03-03 14:25:15'),
(32, 2, 1, '2025-03-03 14:25:15', '2025-03-03 14:25:15'),
(33, 3, 5, '2025-03-03 14:25:15', '2025-03-03 14:25:15'),
(34, 11, 5, '2025-03-03 14:25:15', '2025-03-03 14:25:15'),
(35, 10, 3, '2025-03-03 14:25:15', '2025-03-03 14:25:15'),
(36, 7, 1, '2025-03-03 14:25:15', '2025-03-03 14:25:15'),
(37, 4, 5, '2025-03-03 14:25:15', '2025-03-03 14:25:15'),
(38, 4, 2, '2025-03-03 14:25:15', '2025-03-03 14:25:15'),
(39, 11, 5, '2025-03-03 14:25:15', '2025-03-03 14:25:15'),
(40, 6, 1, '2025-03-03 14:25:15', '2025-03-03 14:25:15'),
(41, 2, 5, '2025-03-03 14:25:15', '2025-03-03 14:25:15'),
(42, 11, 1, '2025-03-03 14:25:15', '2025-03-03 14:25:15'),
(43, 4, 5, '2025-03-03 14:25:15', '2025-03-03 14:25:15'),
(44, 4, 5, '2025-03-03 14:25:15', '2025-03-03 14:25:15'),
(45, 4, 1, '2025-03-03 14:25:15', '2025-03-03 14:25:15'),
(46, 9, 2, '2025-03-03 14:25:15', '2025-03-03 14:25:15'),
(47, 7, 5, '2025-03-03 14:25:15', '2025-03-03 14:25:15'),
(48, 2, 4, '2025-03-03 14:25:15', '2025-03-03 14:25:15'),
(49, 10, 5, '2025-03-03 14:25:15', '2025-03-03 14:25:15'),
(50, 11, 3, '2025-03-03 14:25:15', '2025-03-03 14:25:15'),
(51, 3, 4, '2025-03-03 14:25:15', '2025-03-03 14:25:15'),
(52, 7, 5, '2025-03-03 14:25:15', '2025-03-03 14:25:15'),
(53, 7, 2, '2025-03-03 14:25:15', '2025-03-03 14:25:15'),
(54, 6, 2, '2025-03-03 14:25:15', '2025-03-03 14:25:15'),
(55, 9, 5, '2025-03-03 14:25:15', '2025-03-03 14:25:15'),
(56, 3, 4, '2025-03-03 14:25:15', '2025-03-03 14:25:15'),
(57, 6, 4, '2025-03-03 14:25:15', '2025-03-03 14:25:15'),
(58, 9, 5, '2025-03-03 14:25:15', '2025-03-03 14:25:15'),
(59, 8, 4, '2025-03-03 14:25:15', '2025-03-03 14:25:15'),
(60, 10, 4, '2025-03-03 14:25:15', '2025-03-03 14:25:15'),
(61, 11, 2, '2025-03-03 14:25:15', '2025-03-03 14:25:15'),
(62, 7, 2, '2025-03-03 14:25:15', '2025-03-03 14:25:15'),
(63, 11, 3, '2025-03-03 14:25:15', '2025-03-03 14:25:15'),
(64, 8, 5, '2025-03-03 14:25:15', '2025-03-03 14:25:15'),
(65, 6, 4, '2025-03-03 14:25:15', '2025-03-03 14:25:15'),
(66, 2, 3, '2025-03-03 14:25:15', '2025-03-03 14:25:15'),
(67, 5, 5, '2025-03-03 14:25:15', '2025-03-03 14:25:15'),
(68, 5, 4, '2025-03-03 14:25:15', '2025-03-03 14:25:15'),
(69, 2, 3, '2025-03-03 14:25:15', '2025-03-03 14:25:15'),
(70, 7, 1, '2025-03-03 14:25:15', '2025-03-03 14:25:15'),
(71, 2, 5, '2025-03-03 14:25:15', '2025-03-03 14:25:15'),
(72, 10, 5, '2025-03-03 14:25:15', '2025-03-03 14:25:15'),
(73, 10, 5, '2025-03-03 14:25:15', '2025-03-03 14:25:15'),
(74, 9, 1, '2025-03-03 14:25:15', '2025-03-03 14:25:15'),
(75, 4, 3, '2025-03-03 14:25:15', '2025-03-03 14:25:15'),
(76, 2, 1, '2025-03-03 14:25:15', '2025-03-03 14:25:15'),
(77, 3, 3, '2025-03-03 14:25:15', '2025-03-03 14:25:15'),
(78, 8, 4, '2025-03-03 14:25:15', '2025-03-03 14:25:15'),
(79, 6, 5, '2025-03-03 14:25:15', '2025-03-03 14:25:15'),
(80, 10, 4, '2025-03-03 14:25:15', '2025-03-03 14:25:15'),
(81, 9, 1, '2025-03-03 14:25:15', '2025-03-03 14:25:15'),
(82, 4, 1, '2025-03-03 14:25:15', '2025-03-03 14:25:15'),
(83, 2, 1, '2025-03-03 14:25:15', '2025-03-03 14:25:15'),
(84, 8, 2, '2025-03-03 14:25:15', '2025-03-03 14:25:15'),
(85, 9, 5, '2025-03-03 14:25:15', '2025-03-03 14:25:15'),
(86, 5, 5, '2025-03-03 14:25:15', '2025-03-03 14:25:15'),
(87, 8, 3, '2025-03-03 14:25:15', '2025-03-03 14:25:15'),
(88, 2, 4, '2025-03-03 14:25:15', '2025-03-03 14:25:15'),
(89, 5, 2, '2025-03-03 14:25:15', '2025-03-03 14:25:15'),
(90, 8, 2, '2025-03-03 14:25:15', '2025-03-03 14:25:15'),
(91, 8, 3, '2025-03-03 14:25:15', '2025-03-03 14:25:15'),
(92, 3, 1, '2025-03-03 14:25:15', '2025-03-03 14:25:15'),
(93, 7, 2, '2025-03-03 14:25:15', '2025-03-03 14:25:15'),
(94, 11, 3, '2025-03-03 14:25:15', '2025-03-03 14:25:15'),
(95, 6, 4, '2025-03-03 14:25:15', '2025-03-03 14:25:15'),
(96, 11, 5, '2025-03-03 14:25:15', '2025-03-03 14:25:15'),
(97, 8, 5, '2025-03-03 14:25:15', '2025-03-03 14:25:15'),
(98, 11, 1, '2025-03-03 14:25:15', '2025-03-03 14:25:15'),
(99, 4, 5, '2025-03-03 14:25:15', '2025-03-03 14:25:15'),
(100, 11, 5, '2025-03-03 14:25:15', '2025-03-03 14:25:15');

-- --------------------------------------------------------

--
-- Table structure for table `failed_jobs`
--

CREATE TABLE `failed_jobs` (
  `id` bigint UNSIGNED NOT NULL,
  `uuid` varchar(255) COLLATE utf8mb4_unicode_ci NOT NULL,
  `connection` text COLLATE utf8mb4_unicode_ci NOT NULL,
  `queue` text COLLATE utf8mb4_unicode_ci NOT NULL,
  `payload` longtext COLLATE utf8mb4_unicode_ci NOT NULL,
  `exception` longtext COLLATE utf8mb4_unicode_ci NOT NULL,
  `failed_at` timestamp NOT NULL DEFAULT CURRENT_TIMESTAMP
) ENGINE=InnoDB DEFAULT CHARSET=utf8mb4 COLLATE=utf8mb4_unicode_ci;

-- --------------------------------------------------------

--
-- Table structure for table `guides`
--

CREATE TABLE `guides` (
  `id` bigint UNSIGNED NOT NULL,
  `title` varchar(255) COLLATE utf8mb4_unicode_ci NOT NULL,
  `description` text COLLATE utf8mb4_unicode_ci NOT NULL,
  `file` varchar(255) COLLATE utf8mb4_unicode_ci DEFAULT NULL,
  `created_at` timestamp NULL DEFAULT NULL,
  `updated_at` timestamp NULL DEFAULT NULL
) ENGINE=InnoDB DEFAULT CHARSET=utf8mb4 COLLATE=utf8mb4_unicode_ci;

--
-- Dumping data for table `guides`
--

INSERT INTO `guides` (`id`, `title`, `description`, `file`, `created_at`, `updated_at`) VALUES
(1, 'Panduan Jadwal Kerja', 'Jadwal lengkap jadwal kerja.', 'panduan_jadwal_kerja.pdf', '2025-03-03 14:25:42', '2025-03-03 14:25:42'),
(2, 'Pedoman Hari Libur', 'Informasi tentang penutupan kantor saat hari libur.', 'pedoman_hari_libur.pdf', '2025-03-03 14:25:42', '2025-03-03 14:25:42'),
(3, 'Detail Seminar Kesehatan', 'Informasi tentang seminar kesehatan yang akan datang.', 'seminar_kesehatan.pdf', '2025-03-03 14:25:42', '2025-03-03 14:25:42'),
(4, 'Informasi Vaksin Flu', ' Detail tentang ketersediaan vaksin flu.', 'informasi_vaksin_flu.pdf', '2025-03-03 14:25:42', '2025-03-03 14:25:42'),
(5, 'Pengenalan Spesialis', 'Profil Dr. Smith, spesialis neurologi.', 'profil_dr_smith.pdf', '2025-03-03 14:25:42', '2025-03-03 14:25:42'),
(6, 'Pemberitahuan Konstruksi Parkir', 'Pemberitahuan tentang konstruksi parkir.', 'pemberitahuan_konstruksi_parkir.pdf', '2025-03-03 14:25:42', '2025-03-03 14:25:42'),
(7, 'Panduan Janji Temu Online', 'Langkah-langkah untuk memesan janji temu online.', 'panduan_janji_temu_online.pdf', '2025-03-03 14:25:42', '2025-03-03 14:25:42'),
(8, 'Instruksi Portal Pasien', 'Cara mengakses dan menggunakan portal pasien.', 'instruksi_portal_pasien.pdf', '2025-03-03 14:25:42', '2025-03-03 14:25:42'),
(9, 'Protokol Kemanan Covid-19', 'Protokol kemanan Covid-19 yang diperbarui.', 'protokol_kemanan_covid-19.pdf', '2025-03-03 14:25:42', '2025-03-03 14:25:42'),
(10, 'Ringkasan Acara Amal', 'Detail tentang acara amal tahunan.', 'ringkasan_acara_amal.pdf', '2025-03-03 14:25:42', '2025-03-03 14:25:42');

-- --------------------------------------------------------

--
-- Table structure for table `migrations`
--

CREATE TABLE `migrations` (
  `id` int UNSIGNED NOT NULL,
  `migration` varchar(255) COLLATE utf8mb4_unicode_ci NOT NULL,
  `batch` int NOT NULL
) ENGINE=InnoDB DEFAULT CHARSET=utf8mb4 COLLATE=utf8mb4_unicode_ci;

--
-- Dumping data for table `migrations`
--

INSERT INTO `migrations` (`id`, `migration`, `batch`) VALUES
(1, '0000_00_00_000000_create_roles_table', 1),
(2, '2014_10_12_000000_create_users_table', 1),
(3, '2014_10_12_100000_create_password_reset_tokens_table', 1),
(4, '2019_08_19_000000_create_failed_jobs_table', 1),
(5, '2019_12_14_000001_create_personal_access_tokens_table', 1),
(6, '2025_02_17_115005_create_specializations_table', 1),
(7, '2025_02_17_115212_create_doctors_table', 1),
(8, '2025_02_17_115356_create_doctor_schedules_table', 1),
(9, '2025_02_17_115445_create_doctor_testimonials_table', 1),
(10, '2025_02_17_120158_create_patients_table', 1),
(11, '2025_02_17_120752_create_appointments_table', 1),
(12, '2025_02_17_122013_create_notifications_table', 1),
(13, '2025_02_17_122408_create_prescriptions_table', 1),
(14, '2025_02_17_122738_create_payment_records_table', 1),
(15, '2025_02_17_123722_create_announcements_table', 1),
(16, '2025_02_17_124026_create_guides_table', 1);

-- --------------------------------------------------------

--
-- Table structure for table `notifications`
--

CREATE TABLE `notifications` (
  `id` bigint UNSIGNED NOT NULL,
  `user_id` bigint UNSIGNED NOT NULL,
  `message` varchar(255) COLLATE utf8mb4_unicode_ci NOT NULL,
  `created_at` timestamp NULL DEFAULT NULL,
  `updated_at` timestamp NULL DEFAULT NULL
) ENGINE=InnoDB DEFAULT CHARSET=utf8mb4 COLLATE=utf8mb4_unicode_ci;

--
-- Dumping data for table `notifications`
--

INSERT INTO `notifications` (`id`, `user_id`, `message`, `created_at`, `updated_at`) VALUES
(1, 63, 'Cek Kesehatan 1', '2025-03-03 14:25:42', '2025-03-03 14:25:42'),
(2, 90, 'Cek Kesehatan 2', '2025-03-03 14:25:42', '2025-03-03 14:25:42'),
(3, 89, 'Cek Kesehatan 3', '2025-03-03 14:25:42', '2025-03-03 14:25:42'),
(4, 12, 'Cek Kesehatan 4', '2025-03-03 14:25:42', '2025-03-03 14:25:42'),
(5, 85, 'Cek Kesehatan 5', '2025-03-03 14:25:42', '2025-03-03 14:25:42'),
(6, 77, 'Cek Kesehatan 6', '2025-03-03 14:25:42', '2025-03-03 14:25:42'),
(7, 14, 'Cek Kesehatan 7', '2025-03-03 14:25:42', '2025-03-03 14:25:42'),
(8, 93, 'Cek Kesehatan 8', '2025-03-03 14:25:42', '2025-03-03 14:25:42'),
(9, 13, 'Cek Kesehatan 9', '2025-03-03 14:25:42', '2025-03-03 14:25:42'),
(10, 25, 'Cek Kesehatan 10', '2025-03-03 14:25:42', '2025-03-03 14:25:42'),
(11, 94, 'Cek Kesehatan 11', '2025-03-03 14:25:42', '2025-03-03 14:25:42'),
(12, 57, 'Cek Kesehatan 12', '2025-03-03 14:25:42', '2025-03-03 14:25:42'),
(13, 36, 'Cek Kesehatan 13', '2025-03-03 14:25:42', '2025-03-03 14:25:42'),
(14, 16, 'Cek Kesehatan 14', '2025-03-03 14:25:42', '2025-03-03 14:25:42'),
(15, 91, 'Cek Kesehatan 15', '2025-03-03 14:25:42', '2025-03-03 14:25:42'),
(16, 30, 'Cek Kesehatan 16', '2025-03-03 14:25:42', '2025-03-03 14:25:42'),
(17, 52, 'Cek Kesehatan 17', '2025-03-03 14:25:42', '2025-03-03 14:25:42'),
(18, 47, 'Cek Kesehatan 18', '2025-03-03 14:25:42', '2025-03-03 14:25:42'),
(19, 1, 'Cek Kesehatan 19', '2025-03-03 14:25:42', '2025-03-03 14:25:42'),
(20, 11, 'Cek Kesehatan 20', '2025-03-03 14:25:42', '2025-03-03 14:25:42'),
(21, 13, 'Cek Kesehatan 21', '2025-03-03 14:25:42', '2025-03-03 14:25:42'),
(22, 27, 'Cek Kesehatan 22', '2025-03-03 14:25:42', '2025-03-03 14:25:42'),
(23, 99, 'Cek Kesehatan 23', '2025-03-03 14:25:42', '2025-03-03 14:25:42'),
(24, 79, 'Cek Kesehatan 24', '2025-03-03 14:25:42', '2025-03-03 14:25:42'),
(25, 90, 'Cek Kesehatan 25', '2025-03-03 14:25:42', '2025-03-03 14:25:42'),
(26, 66, 'Cek Kesehatan 26', '2025-03-03 14:25:42', '2025-03-03 14:25:42'),
(27, 26, 'Cek Kesehatan 27', '2025-03-03 14:25:42', '2025-03-03 14:25:42'),
(28, 74, 'Cek Kesehatan 28', '2025-03-03 14:25:42', '2025-03-03 14:25:42'),
(29, 44, 'Cek Kesehatan 29', '2025-03-03 14:25:42', '2025-03-03 14:25:42'),
(30, 45, 'Cek Kesehatan 30', '2025-03-03 14:25:42', '2025-03-03 14:25:42'),
(31, 93, 'Cek Kesehatan 31', '2025-03-03 14:25:42', '2025-03-03 14:25:42'),
(32, 99, 'Cek Kesehatan 32', '2025-03-03 14:25:42', '2025-03-03 14:25:42'),
(33, 51, 'Cek Kesehatan 33', '2025-03-03 14:25:42', '2025-03-03 14:25:42'),
(34, 58, 'Cek Kesehatan 34', '2025-03-03 14:25:42', '2025-03-03 14:25:42'),
(35, 67, 'Cek Kesehatan 35', '2025-03-03 14:25:42', '2025-03-03 14:25:42'),
(36, 99, 'Cek Kesehatan 36', '2025-03-03 14:25:42', '2025-03-03 14:25:42'),
(37, 15, 'Cek Kesehatan 37', '2025-03-03 14:25:42', '2025-03-03 14:25:42'),
(38, 12, 'Cek Kesehatan 38', '2025-03-03 14:25:42', '2025-03-03 14:25:42'),
(39, 30, 'Cek Kesehatan 39', '2025-03-03 14:25:42', '2025-03-03 14:25:42'),
(40, 54, 'Cek Kesehatan 40', '2025-03-03 14:25:42', '2025-03-03 14:25:42'),
(41, 59, 'Cek Kesehatan 41', '2025-03-03 14:25:42', '2025-03-03 14:25:42'),
(42, 99, 'Cek Kesehatan 42', '2025-03-03 14:25:42', '2025-03-03 14:25:42'),
(43, 65, 'Cek Kesehatan 43', '2025-03-03 14:25:42', '2025-03-03 14:25:42'),
(44, 46, 'Cek Kesehatan 44', '2025-03-03 14:25:42', '2025-03-03 14:25:42'),
(45, 36, 'Cek Kesehatan 45', '2025-03-03 14:25:42', '2025-03-03 14:25:42'),
(46, 76, 'Cek Kesehatan 46', '2025-03-03 14:25:42', '2025-03-03 14:25:42'),
(47, 40, 'Cek Kesehatan 47', '2025-03-03 14:25:42', '2025-03-03 14:25:42'),
(48, 100, 'Cek Kesehatan 48', '2025-03-03 14:25:42', '2025-03-03 14:25:42'),
(49, 47, 'Cek Kesehatan 49', '2025-03-03 14:25:42', '2025-03-03 14:25:42'),
(50, 40, 'Cek Kesehatan 50', '2025-03-03 14:25:42', '2025-03-03 14:25:42'),
(51, 30, 'Cek Kesehatan 51', '2025-03-03 14:25:42', '2025-03-03 14:25:42'),
(52, 24, 'Cek Kesehatan 52', '2025-03-03 14:25:42', '2025-03-03 14:25:42'),
(53, 25, 'Cek Kesehatan 53', '2025-03-03 14:25:42', '2025-03-03 14:25:42'),
(54, 16, 'Cek Kesehatan 54', '2025-03-03 14:25:42', '2025-03-03 14:25:42'),
(55, 47, 'Cek Kesehatan 55', '2025-03-03 14:25:42', '2025-03-03 14:25:42'),
(56, 82, 'Cek Kesehatan 56', '2025-03-03 14:25:42', '2025-03-03 14:25:42'),
(57, 44, 'Cek Kesehatan 57', '2025-03-03 14:25:42', '2025-03-03 14:25:42'),
(58, 40, 'Cek Kesehatan 58', '2025-03-03 14:25:42', '2025-03-03 14:25:42'),
(59, 30, 'Cek Kesehatan 59', '2025-03-03 14:25:42', '2025-03-03 14:25:42'),
(60, 26, 'Cek Kesehatan 60', '2025-03-03 14:25:42', '2025-03-03 14:25:42'),
(61, 17, 'Cek Kesehatan 61', '2025-03-03 14:25:42', '2025-03-03 14:25:42'),
(62, 84, 'Cek Kesehatan 62', '2025-03-03 14:25:42', '2025-03-03 14:25:42'),
(63, 2, 'Cek Kesehatan 63', '2025-03-03 14:25:42', '2025-03-03 14:25:42'),
(64, 73, 'Cek Kesehatan 64', '2025-03-03 14:25:42', '2025-03-03 14:25:42'),
(65, 95, 'Cek Kesehatan 65', '2025-03-03 14:25:42', '2025-03-03 14:25:42'),
(66, 39, 'Cek Kesehatan 66', '2025-03-03 14:25:42', '2025-03-03 14:25:42'),
(67, 81, 'Cek Kesehatan 67', '2025-03-03 14:25:42', '2025-03-03 14:25:42'),
(68, 73, 'Cek Kesehatan 68', '2025-03-03 14:25:42', '2025-03-03 14:25:42'),
(69, 27, 'Cek Kesehatan 69', '2025-03-03 14:25:42', '2025-03-03 14:25:42'),
(70, 36, 'Cek Kesehatan 70', '2025-03-03 14:25:42', '2025-03-03 14:25:42'),
(71, 64, 'Cek Kesehatan 71', '2025-03-03 14:25:42', '2025-03-03 14:25:42'),
(72, 92, 'Cek Kesehatan 72', '2025-03-03 14:25:42', '2025-03-03 14:25:42'),
(73, 100, 'Cek Kesehatan 73', '2025-03-03 14:25:42', '2025-03-03 14:25:42'),
(74, 93, 'Cek Kesehatan 74', '2025-03-03 14:25:42', '2025-03-03 14:25:42'),
(75, 54, 'Cek Kesehatan 75', '2025-03-03 14:25:42', '2025-03-03 14:25:42');

-- --------------------------------------------------------

--
-- Table structure for table `password_reset_tokens`
--

CREATE TABLE `password_reset_tokens` (
  `email` varchar(255) COLLATE utf8mb4_unicode_ci NOT NULL,
  `token` varchar(255) COLLATE utf8mb4_unicode_ci NOT NULL,
  `created_at` timestamp NULL DEFAULT NULL
) ENGINE=InnoDB DEFAULT CHARSET=utf8mb4 COLLATE=utf8mb4_unicode_ci;

-- --------------------------------------------------------

--
-- Table structure for table `patients`
--

CREATE TABLE `patients` (
  `id` bigint UNSIGNED NOT NULL,
  `user_id` bigint UNSIGNED NOT NULL,
  `name` varchar(255) COLLATE utf8mb4_unicode_ci NOT NULL,
  `phone` varchar(255) COLLATE utf8mb4_unicode_ci NOT NULL,
  `email` varchar(255) COLLATE utf8mb4_unicode_ci NOT NULL,
  `created_at` timestamp NULL DEFAULT NULL,
  `updated_at` timestamp NULL DEFAULT NULL
) ENGINE=InnoDB DEFAULT CHARSET=utf8mb4 COLLATE=utf8mb4_unicode_ci;

--
-- Dumping data for table `patients`
--

INSERT INTO `patients` (`id`, `user_id`, `name`, `phone`, `email`, `created_at`, `updated_at`) VALUES
(1, 1, 'Admin', '081111111111', 'admin@gmail.com', '2025-03-03 14:25:13', '2025-03-03 14:25:13'),
(2, 12, 'Pasien 1', '0371 0671 184', 'pasien1@gmail.com', '2025-03-03 14:25:15', '2025-03-03 14:25:15'),
(3, 13, 'Pasien 2', '(+62) 703 7275 1239', 'pasien2@gmail.com', '2025-03-03 14:25:15', '2025-03-03 14:25:15'),
(4, 14, 'Pasien 3', '0336 3789 1183', 'pasien3@gmail.com', '2025-03-03 14:25:15', '2025-03-03 14:25:15'),
(5, 15, 'Pasien 4', '0283 9581 381', 'pasien4@gmail.com', '2025-03-03 14:25:16', '2025-03-03 14:25:16'),
(6, 16, 'Pasien 5', '(+62) 854 1395 818', 'pasien5@gmail.com', '2025-03-03 14:25:16', '2025-03-03 14:25:16'),
(7, 17, 'Pasien 6', '(+62) 971 9548 6063', 'pasien6@gmail.com', '2025-03-03 14:25:16', '2025-03-03 14:25:16'),
(8, 18, 'Pasien 7', '0705 1182 4503', 'pasien7@gmail.com', '2025-03-03 14:25:16', '2025-03-03 14:25:16'),
(9, 19, 'Pasien 8', '0543 8269 128', 'pasien8@gmail.com', '2025-03-03 14:25:16', '2025-03-03 14:25:16'),
(10, 20, 'Pasien 9', '0696 4200 9297', 'pasien9@gmail.com', '2025-03-03 14:25:17', '2025-03-03 14:25:17'),
(11, 21, 'Pasien 10', '(+62) 394 5862 694', 'pasien10@gmail.com', '2025-03-03 14:25:17', '2025-03-03 14:25:17'),
(12, 22, 'Pasien 11', '0910 9149 472', 'pasien11@gmail.com', '2025-03-03 14:25:17', '2025-03-03 14:25:17'),
(13, 23, 'Pasien 12', '(+62) 356 2392 9611', 'pasien12@gmail.com', '2025-03-03 14:25:17', '2025-03-03 14:25:17'),
(14, 24, 'Pasien 13', '0249 8769 4752', 'pasien13@gmail.com', '2025-03-03 14:25:17', '2025-03-03 14:25:17'),
(15, 25, 'Pasien 14', '(+62) 28 7570 0254', 'pasien14@gmail.com', '2025-03-03 14:25:17', '2025-03-03 14:25:17'),
(16, 26, 'Pasien 15', '0963 0551 713', 'pasien15@gmail.com', '2025-03-03 14:25:18', '2025-03-03 14:25:18'),
(17, 27, 'Pasien 16', '(+62) 25 8650 103', 'pasien16@gmail.com', '2025-03-03 14:25:18', '2025-03-03 14:25:18'),
(18, 28, 'Pasien 17', '0967 0080 082', 'pasien17@gmail.com', '2025-03-03 14:25:18', '2025-03-03 14:25:18'),
(19, 29, 'Pasien 18', '(+62) 846 2833 8518', 'pasien18@gmail.com', '2025-03-03 14:25:18', '2025-03-03 14:25:18'),
(20, 30, 'Pasien 19', '028 2414 931', 'pasien19@gmail.com', '2025-03-03 14:25:18', '2025-03-03 14:25:18'),
(21, 31, 'Pasien 20', '(+62) 943 4682 6088', 'pasien20@gmail.com', '2025-03-03 14:25:19', '2025-03-03 14:25:19'),
(22, 32, 'Pasien 21', '0824 624 869', 'pasien21@gmail.com', '2025-03-03 14:25:19', '2025-03-03 14:25:19'),
(23, 33, 'Pasien 22', '(+62) 817 897 264', 'pasien22@gmail.com', '2025-03-03 14:25:19', '2025-03-03 14:25:19'),
(24, 34, 'Pasien 23', '(+62) 307 7993 343', 'pasien23@gmail.com', '2025-03-03 14:25:19', '2025-03-03 14:25:19'),
(25, 35, 'Pasien 24', '(+62) 345 7610 6842', 'pasien24@gmail.com', '2025-03-03 14:25:19', '2025-03-03 14:25:19'),
(26, 36, 'Pasien 25', '0407 3043 627', 'pasien25@gmail.com', '2025-03-03 14:25:20', '2025-03-03 14:25:20'),
(27, 37, 'Pasien 26', '0261 8328 226', 'pasien26@gmail.com', '2025-03-03 14:25:20', '2025-03-03 14:25:20'),
(28, 38, 'Pasien 27', '0298 0613 4167', 'pasien27@gmail.com', '2025-03-03 14:25:20', '2025-03-03 14:25:20'),
(29, 39, 'Pasien 28', '(+62) 726 5748 3311', 'pasien28@gmail.com', '2025-03-03 14:25:20', '2025-03-03 14:25:20'),
(30, 40, 'Pasien 29', '021 4833 8766', 'pasien29@gmail.com', '2025-03-03 14:25:21', '2025-03-03 14:25:21'),
(31, 41, 'Pasien 30', '0616 6949 9904', 'pasien30@gmail.com', '2025-03-03 14:25:21', '2025-03-03 14:25:21'),
(32, 42, 'Pasien 31', '(+62) 586 0724 166', 'pasien31@gmail.com', '2025-03-03 14:25:21', '2025-03-03 14:25:21'),
(33, 43, 'Pasien 32', '0496 0743 602', 'pasien32@gmail.com', '2025-03-03 14:25:22', '2025-03-03 14:25:22'),
(34, 44, 'Pasien 33', '0483 3741 1464', 'pasien33@gmail.com', '2025-03-03 14:25:22', '2025-03-03 14:25:22'),
(35, 45, 'Pasien 34', '0514 9692 5966', 'pasien34@gmail.com', '2025-03-03 14:25:22', '2025-03-03 14:25:22'),
(36, 46, 'Pasien 35', '(+62) 950 8877 0717', 'pasien35@gmail.com', '2025-03-03 14:25:23', '2025-03-03 14:25:23'),
(37, 47, 'Pasien 36', '0809 2353 6855', 'pasien36@gmail.com', '2025-03-03 14:25:23', '2025-03-03 14:25:23'),
(38, 48, 'Pasien 37', '0570 0762 8124', 'pasien37@gmail.com', '2025-03-03 14:25:23', '2025-03-03 14:25:23'),
(39, 49, 'Pasien 38', '(+62) 28 4812 7434', 'pasien38@gmail.com', '2025-03-03 14:25:23', '2025-03-03 14:25:23'),
(40, 50, 'Pasien 39', '0810 7616 8882', 'pasien39@gmail.com', '2025-03-03 14:25:24', '2025-03-03 14:25:24'),
(41, 51, 'Pasien 40', '0912 7981 433', 'pasien40@gmail.com', '2025-03-03 14:25:24', '2025-03-03 14:25:24'),
(42, 52, 'Pasien 41', '0426 2111 5542', 'pasien41@gmail.com', '2025-03-03 14:25:24', '2025-03-03 14:25:24'),
(43, 53, 'Pasien 42', '(+62) 830 4783 971', 'pasien42@gmail.com', '2025-03-03 14:25:25', '2025-03-03 14:25:25'),
(44, 54, 'Pasien 43', '0964 1081 199', 'pasien43@gmail.com', '2025-03-03 14:25:25', '2025-03-03 14:25:25'),
(45, 55, 'Pasien 44', '0936 0032 551', 'pasien44@gmail.com', '2025-03-03 14:25:25', '2025-03-03 14:25:25'),
(46, 56, 'Pasien 45', '(+62) 382 1596 902', 'pasien45@gmail.com', '2025-03-03 14:25:26', '2025-03-03 14:25:26'),
(47, 57, 'Pasien 46', '(+62) 482 8051 384', 'pasien46@gmail.com', '2025-03-03 14:25:26', '2025-03-03 14:25:26'),
(48, 58, 'Pasien 47', '0556 9150 8332', 'pasien47@gmail.com', '2025-03-03 14:25:26', '2025-03-03 14:25:26'),
(49, 59, 'Pasien 48', '(+62) 203 3352 699', 'pasien48@gmail.com', '2025-03-03 14:25:27', '2025-03-03 14:25:27'),
(50, 60, 'Pasien 49', '020 5111 420', 'pasien49@gmail.com', '2025-03-03 14:25:27', '2025-03-03 14:25:27'),
(51, 61, 'Pasien 50', '(+62) 645 5346 0541', 'pasien50@gmail.com', '2025-03-03 14:25:28', '2025-03-03 14:25:28'),
(52, 62, 'Pasien 51', '(+62) 916 6773 7859', 'pasien51@gmail.com', '2025-03-03 14:25:28', '2025-03-03 14:25:28'),
(53, 63, 'Pasien 52', '0468 3397 622', 'pasien52@gmail.com', '2025-03-03 14:25:28', '2025-03-03 14:25:28'),
(54, 64, 'Pasien 53', '(+62) 394 4811 5603', 'pasien53@gmail.com', '2025-03-03 14:25:29', '2025-03-03 14:25:29'),
(55, 65, 'Pasien 54', '(+62) 558 5897 537', 'pasien54@gmail.com', '2025-03-03 14:25:29', '2025-03-03 14:25:29'),
(56, 66, 'Pasien 55', '(+62) 27 3798 912', 'pasien55@gmail.com', '2025-03-03 14:25:29', '2025-03-03 14:25:29'),
(57, 67, 'Pasien 56', '0946 3986 0689', 'pasien56@gmail.com', '2025-03-03 14:25:30', '2025-03-03 14:25:30'),
(58, 68, 'Pasien 57', '(+62) 899 330 041', 'pasien57@gmail.com', '2025-03-03 14:25:30', '2025-03-03 14:25:30'),
(59, 69, 'Pasien 58', '(+62) 202 0120 430', 'pasien58@gmail.com', '2025-03-03 14:25:30', '2025-03-03 14:25:30'),
(60, 70, 'Pasien 59', '028 3123 999', 'pasien59@gmail.com', '2025-03-03 14:25:31', '2025-03-03 14:25:31'),
(61, 71, 'Pasien 60', '(+62) 950 3154 6957', 'pasien60@gmail.com', '2025-03-03 14:25:31', '2025-03-03 14:25:31'),
(62, 72, 'Pasien 61', '0360 0080 368', 'pasien61@gmail.com', '2025-03-03 14:25:31', '2025-03-03 14:25:31'),
(63, 73, 'Pasien 62', '(+62) 885 855 042', 'pasien62@gmail.com', '2025-03-03 14:25:32', '2025-03-03 14:25:32'),
(64, 74, 'Pasien 63', '(+62) 603 6272 111', 'pasien63@gmail.com', '2025-03-03 14:25:32', '2025-03-03 14:25:32'),
(65, 75, 'Pasien 64', '(+62) 640 9519 607', 'pasien64@gmail.com', '2025-03-03 14:25:32', '2025-03-03 14:25:32'),
(66, 76, 'Pasien 65', '(+62) 568 7727 673', 'pasien65@gmail.com', '2025-03-03 14:25:33', '2025-03-03 14:25:33'),
(67, 77, 'Pasien 66', '0872 320 514', 'pasien66@gmail.com', '2025-03-03 14:25:33', '2025-03-03 14:25:33'),
(68, 78, 'Pasien 67', '(+62) 378 0900 6333', 'pasien67@gmail.com', '2025-03-03 14:25:33', '2025-03-03 14:25:33'),
(69, 79, 'Pasien 68', '(+62) 278 9872 1402', 'pasien68@gmail.com', '2025-03-03 14:25:34', '2025-03-03 14:25:34'),
(70, 80, 'Pasien 69', '0698 4891 5674', 'pasien69@gmail.com', '2025-03-03 14:25:34', '2025-03-03 14:25:34'),
(71, 81, 'Pasien 70', '(+62) 845 8798 782', 'pasien70@gmail.com', '2025-03-03 14:25:34', '2025-03-03 14:25:34'),
(72, 82, 'Pasien 71', '(+62) 884 2019 442', 'pasien71@gmail.com', '2025-03-03 14:25:35', '2025-03-03 14:25:35'),
(73, 83, 'Pasien 72', '0713 1060 1674', 'pasien72@gmail.com', '2025-03-03 14:25:35', '2025-03-03 14:25:35'),
(74, 84, 'Pasien 73', '0639 7107 025', 'pasien73@gmail.com', '2025-03-03 14:25:35', '2025-03-03 14:25:35'),
(75, 85, 'Pasien 74', '(+62) 846 3517 1806', 'pasien74@gmail.com', '2025-03-03 14:25:36', '2025-03-03 14:25:36'),
(76, 86, 'Pasien 75', '(+62) 725 9700 681', 'pasien75@gmail.com', '2025-03-03 14:25:36', '2025-03-03 14:25:36'),
(77, 87, 'Pasien 76', '(+62) 23 5767 707', 'pasien76@gmail.com', '2025-03-03 14:25:36', '2025-03-03 14:25:36'),
(78, 88, 'Pasien 77', '0289 3213 287', 'pasien77@gmail.com', '2025-03-03 14:25:37', '2025-03-03 14:25:37'),
(79, 89, 'Pasien 78', '0584 2798 410', 'pasien78@gmail.com', '2025-03-03 14:25:37', '2025-03-03 14:25:37'),
(80, 90, 'Pasien 79', '0461 4704 8974', 'pasien79@gmail.com', '2025-03-03 14:25:37', '2025-03-03 14:25:37'),
(81, 91, 'Pasien 80', '(+62) 357 6229 1488', 'pasien80@gmail.com', '2025-03-03 14:25:38', '2025-03-03 14:25:38'),
(82, 92, 'Pasien 81', '0597 3484 5616', 'pasien81@gmail.com', '2025-03-03 14:25:38', '2025-03-03 14:25:38'),
(83, 93, 'Pasien 82', '(+62) 397 5282 865', 'pasien82@gmail.com', '2025-03-03 14:25:38', '2025-03-03 14:25:38'),
(84, 94, 'Pasien 83', '0620 8674 691', 'pasien83@gmail.com', '2025-03-03 14:25:38', '2025-03-03 14:25:38'),
(85, 95, 'Pasien 84', '0258 4338 757', 'pasien84@gmail.com', '2025-03-03 14:25:38', '2025-03-03 14:25:38'),
(86, 96, 'Pasien 85', '0768 7516 2087', 'pasien85@gmail.com', '2025-03-03 14:25:39', '2025-03-03 14:25:39'),
(87, 97, 'Pasien 86', '0839 380 123', 'pasien86@gmail.com', '2025-03-03 14:25:39', '2025-03-03 14:25:39'),
(88, 98, 'Pasien 87', '0634 7637 081', 'pasien87@gmail.com', '2025-03-03 14:25:39', '2025-03-03 14:25:39'),
(89, 99, 'Pasien 88', '0858 485 014', 'pasien88@gmail.com', '2025-03-03 14:25:39', '2025-03-03 14:25:39'),
(90, 100, 'Pasien 89', '(+62) 366 0519 1123', 'pasien89@gmail.com', '2025-03-03 14:25:39', '2025-03-03 14:25:39'),
(91, 101, 'Pasien 90', '(+62) 243 8429 636', 'pasien90@gmail.com', '2025-03-03 14:25:40', '2025-03-03 14:25:40'),
(92, 102, 'Pasien 91', '(+62) 374 6787 382', 'pasien91@gmail.com', '2025-03-03 14:25:40', '2025-03-03 14:25:40'),
(93, 103, 'Pasien 92', '0964 5753 5043', 'pasien92@gmail.com', '2025-03-03 14:25:40', '2025-03-03 14:25:40'),
(94, 104, 'Pasien 93', '(+62) 730 3187 4296', 'pasien93@gmail.com', '2025-03-03 14:25:40', '2025-03-03 14:25:40'),
(95, 105, 'Pasien 94', '(+62) 986 9967 578', 'pasien94@gmail.com', '2025-03-03 14:25:40', '2025-03-03 14:25:40'),
(96, 106, 'Pasien 95', '0480 4976 7759', 'pasien95@gmail.com', '2025-03-03 14:25:41', '2025-03-03 14:25:41'),
(97, 107, 'Pasien 96', '(+62) 675 0171 2144', 'pasien96@gmail.com', '2025-03-03 14:25:41', '2025-03-03 14:25:41'),
(98, 108, 'Pasien 97', '0655 9194 317', 'pasien97@gmail.com', '2025-03-03 14:25:41', '2025-03-03 14:25:41'),
(99, 109, 'Pasien 98', '(+62) 370 7642 6278', 'pasien98@gmail.com', '2025-03-03 14:25:41', '2025-03-03 14:25:41'),
(100, 110, 'Pasien 99', '0391 6208 8838', 'pasien99@gmail.com', '2025-03-03 14:25:41', '2025-03-03 14:25:41'),
(101, 111, 'Pasien 100', '0395 6083 519', 'pasien100@gmail.com', '2025-03-03 14:25:42', '2025-03-03 14:25:42'),
(102, 112, 'Agiftsany Azhar', '082330725030', 'agiftsanyazhar@gmail.com', '2025-03-03 14:44:04', '2025-03-03 14:44:04');

-- --------------------------------------------------------

--
-- Table structure for table `payment_records`
--

CREATE TABLE `payment_records` (
  `id` bigint UNSIGNED NOT NULL,
  `appointment_id` bigint UNSIGNED NOT NULL,
  `amount` int NOT NULL,
  `status` enum('Completed','Pending','Failed') COLLATE utf8mb4_unicode_ci NOT NULL DEFAULT 'Pending',
  `created_at` timestamp NULL DEFAULT NULL,
  `updated_at` timestamp NULL DEFAULT NULL
) ENGINE=InnoDB DEFAULT CHARSET=utf8mb4 COLLATE=utf8mb4_unicode_ci;

--
-- Dumping data for table `payment_records`
--

INSERT INTO `payment_records` (`id`, `appointment_id`, `amount`, `status`, `created_at`, `updated_at`) VALUES
(1, 1, 3754434, 'Failed', '2025-03-03 14:25:42', '2025-03-03 14:25:42'),
(2, 2, 3504323, 'Completed', '2025-03-03 14:25:42', '2025-03-03 14:25:42'),
(3, 3, 1509281, 'Failed', '2025-03-03 14:25:42', '2025-03-03 14:25:42'),
(4, 4, 3767555, 'Pending', '2025-03-03 14:25:42', '2025-03-03 14:25:42'),
(5, 5, 1503427, 'Failed', '2025-03-03 14:25:42', '2025-03-03 14:25:42'),
(6, 6, 532873, 'Pending', '2025-03-03 14:25:42', '2025-03-03 14:25:42'),
(7, 7, 550307, 'Failed', '2025-03-03 14:25:42', '2025-03-03 14:25:42'),
(8, 8, 2059523, 'Completed', '2025-03-03 14:25:42', '2025-03-03 14:25:42'),
(9, 9, 4031818, 'Pending', '2025-03-03 14:25:42', '2025-03-03 14:25:42'),
(10, 10, 2213157, 'Completed', '2025-03-03 14:25:42', '2025-03-03 14:25:42'),
(11, 11, 701450, 'Failed', '2025-03-03 14:25:42', '2025-03-03 14:25:42'),
(12, 12, 435444, 'Failed', '2025-03-03 14:25:42', '2025-03-03 14:25:42'),
(13, 13, 2576958, 'Pending', '2025-03-03 14:25:42', '2025-03-03 14:25:42'),
(14, 14, 2676623, 'Failed', '2025-03-03 14:25:42', '2025-03-03 14:25:42'),
(15, 15, 868646, 'Failed', '2025-03-03 14:25:42', '2025-03-03 14:25:42'),
(16, 16, 3211710, 'Failed', '2025-03-03 14:25:42', '2025-03-03 14:25:42'),
(17, 17, 3392133, 'Completed', '2025-03-03 14:25:42', '2025-03-03 14:25:42'),
(18, 18, 1249877, 'Pending', '2025-03-03 14:25:42', '2025-03-03 14:25:42'),
(19, 19, 463520, 'Failed', '2025-03-03 14:25:42', '2025-03-03 14:25:42'),
(20, 20, 3091266, 'Pending', '2025-03-03 14:25:42', '2025-03-03 14:25:42'),
(21, 21, 2181473, 'Pending', '2025-03-03 14:25:42', '2025-03-03 14:25:42'),
(22, 22, 1528970, 'Failed', '2025-03-03 14:25:42', '2025-03-03 14:25:42'),
(23, 23, 2161404, 'Completed', '2025-03-03 14:25:42', '2025-03-03 14:25:42'),
(24, 24, 1576720, 'Failed', '2025-03-03 14:25:42', '2025-03-03 14:25:42'),
(25, 25, 4268155, 'Failed', '2025-03-03 14:25:42', '2025-03-03 14:25:42'),
(26, 26, 2786115, 'Completed', '2025-03-03 14:25:42', '2025-03-03 14:25:42'),
(27, 27, 3146151, 'Failed', '2025-03-03 14:25:42', '2025-03-03 14:25:42'),
(28, 28, 3690567, 'Failed', '2025-03-03 14:25:42', '2025-03-03 14:25:42'),
(29, 29, 1899247, 'Pending', '2025-03-03 14:25:42', '2025-03-03 14:25:42'),
(30, 30, 1415103, 'Completed', '2025-03-03 14:25:42', '2025-03-03 14:25:42'),
(31, 31, 1314369, 'Pending', '2025-03-03 14:25:42', '2025-03-03 14:25:42'),
(32, 32, 717328, 'Completed', '2025-03-03 14:25:42', '2025-03-03 14:25:42'),
(33, 33, 3274719, 'Completed', '2025-03-03 14:25:42', '2025-03-03 14:25:42'),
(34, 34, 2709570, 'Completed', '2025-03-03 14:25:42', '2025-03-03 14:25:42'),
(35, 35, 4233117, 'Completed', '2025-03-03 14:25:42', '2025-03-03 14:25:42'),
(36, 36, 3742308, 'Failed', '2025-03-03 14:25:42', '2025-03-03 14:25:42'),
(37, 37, 1815173, 'Completed', '2025-03-03 14:25:42', '2025-03-03 14:25:42'),
(38, 38, 1166465, 'Completed', '2025-03-03 14:25:42', '2025-03-03 14:25:42'),
(39, 39, 4482799, 'Failed', '2025-03-03 14:25:42', '2025-03-03 14:25:42'),
(40, 40, 4362058, 'Failed', '2025-03-03 14:25:42', '2025-03-03 14:25:42'),
(41, 41, 473562, 'Pending', '2025-03-03 14:25:42', '2025-03-03 14:25:42'),
(42, 42, 4803860, 'Pending', '2025-03-03 14:25:42', '2025-03-03 14:25:42'),
(43, 43, 3237518, 'Pending', '2025-03-03 14:25:42', '2025-03-03 14:25:42'),
(44, 44, 377892, 'Failed', '2025-03-03 14:25:42', '2025-03-03 14:25:42'),
(45, 45, 161122, 'Failed', '2025-03-03 14:25:42', '2025-03-03 14:25:42'),
(46, 46, 2961369, 'Completed', '2025-03-03 14:25:42', '2025-03-03 14:25:42'),
(47, 47, 1231364, 'Pending', '2025-03-03 14:25:42', '2025-03-03 14:25:42'),
(48, 48, 4186396, 'Pending', '2025-03-03 14:25:42', '2025-03-03 14:25:42'),
(49, 49, 3394958, 'Failed', '2025-03-03 14:25:42', '2025-03-03 14:25:42'),
(50, 50, 3348663, 'Completed', '2025-03-03 14:25:42', '2025-03-03 14:25:42'),
(51, 51, 444135, 'Failed', '2025-03-03 14:25:42', '2025-03-03 14:25:42'),
(52, 52, 3680750, 'Completed', '2025-03-03 14:25:42', '2025-03-03 14:25:42'),
(53, 53, 1834065, 'Pending', '2025-03-03 14:25:42', '2025-03-03 14:25:42'),
(54, 54, 2887154, 'Failed', '2025-03-03 14:25:42', '2025-03-03 14:25:42'),
(55, 55, 2917605, 'Pending', '2025-03-03 14:25:42', '2025-03-03 14:25:42'),
(56, 56, 1224312, 'Failed', '2025-03-03 14:25:42', '2025-03-03 14:25:42'),
(57, 57, 180919, 'Failed', '2025-03-03 14:25:42', '2025-03-03 14:25:42'),
(58, 58, 4616265, 'Pending', '2025-03-03 14:25:42', '2025-03-03 14:25:42'),
(59, 59, 3375690, 'Completed', '2025-03-03 14:25:42', '2025-03-03 14:25:42'),
(60, 60, 710837, 'Completed', '2025-03-03 14:25:42', '2025-03-03 14:25:42'),
(61, 61, 3450028, 'Completed', '2025-03-03 14:25:42', '2025-03-03 14:25:42'),
(62, 62, 1936537, 'Failed', '2025-03-03 14:25:42', '2025-03-03 14:25:42'),
(63, 63, 523840, 'Pending', '2025-03-03 14:25:42', '2025-03-03 14:25:42'),
(64, 64, 3735130, 'Failed', '2025-03-03 14:25:42', '2025-03-03 14:25:42'),
(65, 65, 4795310, 'Pending', '2025-03-03 14:25:42', '2025-03-03 14:25:42'),
(66, 66, 3047687, 'Completed', '2025-03-03 14:25:42', '2025-03-03 14:25:42'),
(67, 67, 387818, 'Completed', '2025-03-03 14:25:42', '2025-03-03 14:25:42'),
(68, 68, 1754971, 'Failed', '2025-03-03 14:25:42', '2025-03-03 14:25:42'),
(69, 69, 3677724, 'Completed', '2025-03-03 14:25:42', '2025-03-03 14:25:42'),
(70, 70, 2262824, 'Failed', '2025-03-03 14:25:42', '2025-03-03 14:25:42'),
(71, 71, 209545, 'Completed', '2025-03-03 14:25:42', '2025-03-03 14:25:42'),
(72, 72, 2052495, 'Failed', '2025-03-03 14:25:42', '2025-03-03 14:25:42'),
(73, 73, 4336901, 'Completed', '2025-03-03 14:25:42', '2025-03-03 14:25:42'),
(74, 74, 3113521, 'Pending', '2025-03-03 14:25:42', '2025-03-03 14:25:42'),
(75, 75, 4063582, 'Pending', '2025-03-03 14:25:42', '2025-03-03 14:25:42');

-- --------------------------------------------------------

--
-- Table structure for table `personal_access_tokens`
--

CREATE TABLE `personal_access_tokens` (
  `id` bigint UNSIGNED NOT NULL,
  `tokenable_type` varchar(255) COLLATE utf8mb4_unicode_ci NOT NULL,
  `tokenable_id` bigint UNSIGNED NOT NULL,
  `name` varchar(255) COLLATE utf8mb4_unicode_ci NOT NULL,
  `token` varchar(64) COLLATE utf8mb4_unicode_ci NOT NULL,
  `abilities` text COLLATE utf8mb4_unicode_ci,
  `last_used_at` timestamp NULL DEFAULT NULL,
  `expires_at` timestamp NULL DEFAULT NULL,
  `created_at` timestamp NULL DEFAULT NULL,
  `updated_at` timestamp NULL DEFAULT NULL
) ENGINE=InnoDB DEFAULT CHARSET=utf8mb4 COLLATE=utf8mb4_unicode_ci;

-- --------------------------------------------------------

--
-- Table structure for table `prescriptions`
--

CREATE TABLE `prescriptions` (
  `id` bigint UNSIGNED NOT NULL,
  `appointment_id` bigint UNSIGNED NOT NULL,
  `description` text COLLATE utf8mb4_unicode_ci NOT NULL,
  `created_at` timestamp NULL DEFAULT NULL,
  `updated_at` timestamp NULL DEFAULT NULL
) ENGINE=InnoDB DEFAULT CHARSET=utf8mb4 COLLATE=utf8mb4_unicode_ci;

--
-- Dumping data for table `prescriptions`
--

INSERT INTO `prescriptions` (`id`, `appointment_id`, `description`, `created_at`, `updated_at`) VALUES
(1, 1, 'Resep Obat 1', '2025-03-03 14:25:42', '2025-03-03 14:25:42'),
(2, 2, 'Resep Obat 2', '2025-03-03 14:25:42', '2025-03-03 14:25:42'),
(3, 3, 'Resep Obat 3', '2025-03-03 14:25:42', '2025-03-03 14:25:42'),
(4, 4, 'Resep Obat 4', '2025-03-03 14:25:42', '2025-03-03 14:25:42'),
(5, 5, 'Resep Obat 5', '2025-03-03 14:25:42', '2025-03-03 14:25:42'),
(6, 6, 'Resep Obat 6', '2025-03-03 14:25:42', '2025-03-03 14:25:42'),
(7, 7, 'Resep Obat 7', '2025-03-03 14:25:42', '2025-03-03 14:25:42'),
(8, 8, 'Resep Obat 8', '2025-03-03 14:25:42', '2025-03-03 14:25:42'),
(9, 9, 'Resep Obat 9', '2025-03-03 14:25:42', '2025-03-03 14:25:42'),
(10, 10, 'Resep Obat 10', '2025-03-03 14:25:42', '2025-03-03 14:25:42'),
(11, 11, 'Resep Obat 11', '2025-03-03 14:25:42', '2025-03-03 14:25:42'),
(12, 12, 'Resep Obat 12', '2025-03-03 14:25:42', '2025-03-03 14:25:42'),
(13, 13, 'Resep Obat 13', '2025-03-03 14:25:42', '2025-03-03 14:25:42'),
(14, 14, 'Resep Obat 14', '2025-03-03 14:25:42', '2025-03-03 14:25:42'),
(15, 15, 'Resep Obat 15', '2025-03-03 14:25:42', '2025-03-03 14:25:42'),
(16, 16, 'Resep Obat 16', '2025-03-03 14:25:42', '2025-03-03 14:25:42'),
(17, 17, 'Resep Obat 17', '2025-03-03 14:25:42', '2025-03-03 14:25:42'),
(18, 18, 'Resep Obat 18', '2025-03-03 14:25:42', '2025-03-03 14:25:42'),
(19, 19, 'Resep Obat 19', '2025-03-03 14:25:42', '2025-03-03 14:25:42'),
(20, 20, 'Resep Obat 20', '2025-03-03 14:25:42', '2025-03-03 14:25:42'),
(21, 21, 'Resep Obat 21', '2025-03-03 14:25:42', '2025-03-03 14:25:42'),
(22, 22, 'Resep Obat 22', '2025-03-03 14:25:42', '2025-03-03 14:25:42'),
(23, 23, 'Resep Obat 23', '2025-03-03 14:25:42', '2025-03-03 14:25:42'),
(24, 24, 'Resep Obat 24', '2025-03-03 14:25:42', '2025-03-03 14:25:42'),
(25, 25, 'Resep Obat 25', '2025-03-03 14:25:42', '2025-03-03 14:25:42'),
(26, 26, 'Resep Obat 26', '2025-03-03 14:25:42', '2025-03-03 14:25:42'),
(27, 27, 'Resep Obat 27', '2025-03-03 14:25:42', '2025-03-03 14:25:42'),
(28, 28, 'Resep Obat 28', '2025-03-03 14:25:42', '2025-03-03 14:25:42'),
(29, 29, 'Resep Obat 29', '2025-03-03 14:25:42', '2025-03-03 14:25:42'),
(30, 30, 'Resep Obat 30', '2025-03-03 14:25:42', '2025-03-03 14:25:42'),
(31, 31, 'Resep Obat 31', '2025-03-03 14:25:42', '2025-03-03 14:25:42'),
(32, 32, 'Resep Obat 32', '2025-03-03 14:25:42', '2025-03-03 14:25:42'),
(33, 33, 'Resep Obat 33', '2025-03-03 14:25:42', '2025-03-03 14:25:42'),
(34, 34, 'Resep Obat 34', '2025-03-03 14:25:42', '2025-03-03 14:25:42'),
(35, 35, 'Resep Obat 35', '2025-03-03 14:25:42', '2025-03-03 14:25:42'),
(36, 36, 'Resep Obat 36', '2025-03-03 14:25:42', '2025-03-03 14:25:42'),
(37, 37, 'Resep Obat 37', '2025-03-03 14:25:42', '2025-03-03 14:25:42'),
(38, 38, 'Resep Obat 38', '2025-03-03 14:25:42', '2025-03-03 14:25:42'),
(39, 39, 'Resep Obat 39', '2025-03-03 14:25:42', '2025-03-03 14:25:42'),
(40, 40, 'Resep Obat 40', '2025-03-03 14:25:42', '2025-03-03 14:25:42'),
(41, 41, 'Resep Obat 41', '2025-03-03 14:25:42', '2025-03-03 14:25:42'),
(42, 42, 'Resep Obat 42', '2025-03-03 14:25:42', '2025-03-03 14:25:42'),
(43, 43, 'Resep Obat 43', '2025-03-03 14:25:42', '2025-03-03 14:25:42'),
(44, 44, 'Resep Obat 44', '2025-03-03 14:25:42', '2025-03-03 14:25:42'),
(45, 45, 'Resep Obat 45', '2025-03-03 14:25:42', '2025-03-03 14:25:42'),
(46, 46, 'Resep Obat 46', '2025-03-03 14:25:42', '2025-03-03 14:25:42'),
(47, 47, 'Resep Obat 47', '2025-03-03 14:25:42', '2025-03-03 14:25:42'),
(48, 48, 'Resep Obat 48', '2025-03-03 14:25:42', '2025-03-03 14:25:42'),
(49, 49, 'Resep Obat 49', '2025-03-03 14:25:42', '2025-03-03 14:25:42'),
(50, 50, 'Resep Obat 50', '2025-03-03 14:25:42', '2025-03-03 14:25:42'),
(51, 51, 'Resep Obat 51', '2025-03-03 14:25:42', '2025-03-03 14:25:42'),
(52, 52, 'Resep Obat 52', '2025-03-03 14:25:42', '2025-03-03 14:25:42'),
(53, 53, 'Resep Obat 53', '2025-03-03 14:25:42', '2025-03-03 14:25:42'),
(54, 54, 'Resep Obat 54', '2025-03-03 14:25:42', '2025-03-03 14:25:42'),
(55, 55, 'Resep Obat 55', '2025-03-03 14:25:42', '2025-03-03 14:25:42'),
(56, 56, 'Resep Obat 56', '2025-03-03 14:25:42', '2025-03-03 14:25:42'),
(57, 57, 'Resep Obat 57', '2025-03-03 14:25:42', '2025-03-03 14:25:42'),
(58, 58, 'Resep Obat 58', '2025-03-03 14:25:42', '2025-03-03 14:25:42'),
(59, 59, 'Resep Obat 59', '2025-03-03 14:25:42', '2025-03-03 14:25:42'),
(60, 60, 'Resep Obat 60', '2025-03-03 14:25:42', '2025-03-03 14:25:42'),
(61, 61, 'Resep Obat 61', '2025-03-03 14:25:42', '2025-03-03 14:25:42'),
(62, 62, 'Resep Obat 62', '2025-03-03 14:25:42', '2025-03-03 14:25:42'),
(63, 63, 'Resep Obat 63', '2025-03-03 14:25:42', '2025-03-03 14:25:42'),
(64, 64, 'Resep Obat 64', '2025-03-03 14:25:42', '2025-03-03 14:25:42'),
(65, 65, 'Resep Obat 65', '2025-03-03 14:25:42', '2025-03-03 14:25:42'),
(66, 66, 'Resep Obat 66', '2025-03-03 14:25:42', '2025-03-03 14:25:42'),
(67, 67, 'Resep Obat 67', '2025-03-03 14:25:42', '2025-03-03 14:25:42'),
(68, 68, 'Resep Obat 68', '2025-03-03 14:25:42', '2025-03-03 14:25:42'),
(69, 69, 'Resep Obat 69', '2025-03-03 14:25:42', '2025-03-03 14:25:42'),
(70, 70, 'Resep Obat 70', '2025-03-03 14:25:42', '2025-03-03 14:25:42'),
(71, 71, 'Resep Obat 71', '2025-03-03 14:25:42', '2025-03-03 14:25:42'),
(72, 72, 'Resep Obat 72', '2025-03-03 14:25:42', '2025-03-03 14:25:42'),
(73, 73, 'Resep Obat 73', '2025-03-03 14:25:42', '2025-03-03 14:25:42'),
(74, 74, 'Resep Obat 74', '2025-03-03 14:25:42', '2025-03-03 14:25:42'),
(75, 75, 'Resep Obat 75', '2025-03-03 14:25:42', '2025-03-03 14:25:42');

-- --------------------------------------------------------

--
-- Table structure for table `roles`
--

CREATE TABLE `roles` (
  `id` bigint UNSIGNED NOT NULL,
  `name` varchar(255) COLLATE utf8mb4_unicode_ci NOT NULL,
  `created_at` timestamp NULL DEFAULT NULL,
  `updated_at` timestamp NULL DEFAULT NULL
) ENGINE=InnoDB DEFAULT CHARSET=utf8mb4 COLLATE=utf8mb4_unicode_ci;

--
-- Dumping data for table `roles`
--

INSERT INTO `roles` (`id`, `name`, `created_at`, `updated_at`) VALUES
(1, 'Admin', '2025-03-03 14:25:12', '2025-03-03 14:25:12'),
(2, 'Dokter', '2025-03-03 14:25:12', '2025-03-03 14:25:12'),
(3, 'Pasien', '2025-03-03 14:25:12', '2025-03-03 14:25:12');

-- --------------------------------------------------------

--
-- Table structure for table `specializations`
--

CREATE TABLE `specializations` (
  `id` bigint UNSIGNED NOT NULL,
  `name` varchar(255) COLLATE utf8mb4_unicode_ci NOT NULL,
  `created_at` timestamp NULL DEFAULT NULL,
  `updated_at` timestamp NULL DEFAULT NULL
) ENGINE=InnoDB DEFAULT CHARSET=utf8mb4 COLLATE=utf8mb4_unicode_ci;

--
-- Dumping data for table `specializations`
--

INSERT INTO `specializations` (`id`, `name`, `created_at`, `updated_at`) VALUES
(1, 'Cardiology', '2025-03-03 14:25:12', '2025-03-03 14:25:12'),
(2, 'Dermatology', '2025-03-03 14:25:12', '2025-03-03 14:25:12'),
(3, 'Neurology', '2025-03-03 14:25:12', '2025-03-03 14:25:12'),
(4, 'Pediatrics', '2025-03-03 14:25:12', '2025-03-03 14:25:12'),
(5, 'Orthopedics', '2025-03-03 14:25:12', '2025-03-03 14:25:12'),
(6, 'Psychiatry', '2025-03-03 14:25:12', '2025-03-03 14:25:12'),
(7, 'Oncology', '2025-03-03 14:25:12', '2025-03-03 14:25:12'),
(8, 'Endocrinology', '2025-03-03 14:25:12', '2025-03-03 14:25:12'),
(9, 'Gastroenterology', '2025-03-03 14:25:12', '2025-03-03 14:25:12'),
(10, 'Ophthalmology', '2025-03-03 14:25:12', '2025-03-03 14:25:12');

-- --------------------------------------------------------

--
-- Table structure for table `users`
--

CREATE TABLE `users` (
  `id` bigint UNSIGNED NOT NULL,
  `name` varchar(255) COLLATE utf8mb4_unicode_ci NOT NULL,
  `gender` enum('Pria','Wanita') COLLATE utf8mb4_unicode_ci NOT NULL,
  `date_of_birth` date NOT NULL,
  `phone` varchar(255) COLLATE utf8mb4_unicode_ci NOT NULL,
  `address` varchar(255) COLLATE utf8mb4_unicode_ci NOT NULL,
  `role_id` bigint UNSIGNED NOT NULL,
  `email` varchar(255) COLLATE utf8mb4_unicode_ci NOT NULL,
  `email_verified_at` timestamp NULL DEFAULT NULL,
  `password` varchar(255) COLLATE utf8mb4_unicode_ci NOT NULL,
  `remember_token` varchar(100) COLLATE utf8mb4_unicode_ci DEFAULT NULL,
  `created_at` timestamp NULL DEFAULT NULL,
  `updated_at` timestamp NULL DEFAULT NULL
) ENGINE=InnoDB DEFAULT CHARSET=utf8mb4 COLLATE=utf8mb4_unicode_ci;

--
-- Dumping data for table `users`
--

INSERT INTO `users` (`id`, `name`, `gender`, `date_of_birth`, `phone`, `address`, `role_id`, `email`, `email_verified_at`, `password`, `remember_token`, `created_at`, `updated_at`) VALUES
(1, 'Admin', 'Wanita', '1601-10-01', '081111111111', 'Jl. Admin No. 1', 1, 'admin@gmail.com', NULL, '$2y$12$YaqsEMq2xIb6kXHZV1oZXO6yKsyq/O7lyulkNboswBGZa2Td7Rxqi', NULL, '2025-03-03 14:25:13', '2025-03-03 14:25:13'),
(2, 'Dokter 1', 'Pria', '1996-03-03', '0372 9229 813', 'Dk. Pattimura No. 6, Yogyakarta 47701, Riau', 2, 'dokter1@gmail.com', NULL, '$2y$12$0Co5DVrHYC/YL5l.sF74Ue3miVQVQiHgCUKK1KWpldRwzC3W2pns2', NULL, '2025-03-03 14:25:13', '2025-03-03 14:25:13'),
(3, 'Dokter 2', 'Wanita', '1977-03-03', '0234 5523 1348', 'Ki. Casablanca No. 753, Palembang 22225, Sumbar', 2, 'dokter2@gmail.com', NULL, '$2y$12$Ji4bDwTO/tOpwdDIL2G29.AlQ9kIS0408PZnG74YVbqnJw3JKc/e6', NULL, '2025-03-03 14:25:13', '2025-03-03 14:25:13'),
(4, 'Dokter 3', 'Pria', '2000-03-03', '(+62) 819 9093 2439', 'Gg. Nakula No. 127, Administrasi Jakarta Timur 22368, Papua', 2, 'dokter3@gmail.com', NULL, '$2y$12$pMeK/BgY/nr3dtzehwca4u55cceCv1mu5hz40OLboDasSMK3ykq7a', NULL, '2025-03-03 14:25:13', '2025-03-03 14:25:13'),
(5, 'Dokter 4', 'Wanita', '2004-03-03', '(+62) 379 7771 0595', 'Ds. HOS. Cjokroaminoto (Pasirkaliki) No. 273, Sungai Penuh 12406, Sulsel', 2, 'dokter4@gmail.com', NULL, '$2y$12$WRxEyeSX5NypCBMgxWv2L.r7OUXP1ZBk6/Jtbk8sGf5QTNjTLElfm', NULL, '2025-03-03 14:25:13', '2025-03-03 14:25:13'),
(6, 'Dokter 5', 'Pria', '2001-03-03', '(+62) 406 5205 108', 'Psr. Suryo No. 837, Gorontalo 99082, Papua', 2, 'dokter5@gmail.com', NULL, '$2y$12$U2VVjQ0FKA8X7Ix4vWsMtOxm.mEL32YZbUsvLT3O5ykUVnnRVb7JS', NULL, '2025-03-03 14:25:14', '2025-03-03 14:25:14'),
(7, 'Dokter 6', 'Pria', '1994-03-03', '(+62) 537 7089 4167', 'Gg. Abang No. 984, Padangsidempuan 62446, Gorontalo', 2, 'dokter6@gmail.com', NULL, '$2y$12$Xe9O0HnrkK6hcKAtnLI.5OpdFrdFDvTjQuPwfz/T9C6Qs2SfS4aum', NULL, '2025-03-03 14:25:14', '2025-03-03 14:25:14'),
(8, 'Dokter 7', 'Pria', '1994-03-03', '(+62) 814 2061 7314', 'Ki. Halim No. 275, Bitung 22858, Banten', 2, 'dokter7@gmail.com', NULL, '$2y$12$b7oS1kcOfKXJKu3Z2VGA0.0x.Na44AyhRE9415B1kbbmXnqI6qM9C', NULL, '2025-03-03 14:25:14', '2025-03-03 14:25:14'),
(9, 'Dokter 8', 'Pria', '1997-03-03', '(+62) 208 3449 684', 'Ds. Radio No. 621, Administrasi Jakarta Timur 25858, Malut', 2, 'dokter8@gmail.com', NULL, '$2y$12$KIUUttlhmmGvB8IxRU42OOS9RLfWoy0oxtfxV0PPHl/PFzhVahCIa', NULL, '2025-03-03 14:25:14', '2025-03-03 14:25:14'),
(10, 'Dokter 9', 'Pria', '1981-03-03', '(+62) 562 7489 135', 'Gg. Ters. Buah Batu No. 393, Padangpanjang 81734, Jateng', 2, 'dokter9@gmail.com', NULL, '$2y$12$PDULfcqGK2UwAooSKA.i7uCJh1Fn0sfOtIFlWzD4wAokFwOio5cpa', NULL, '2025-03-03 14:25:14', '2025-03-03 14:25:14'),
(11, 'Dokter 10', 'Wanita', '1989-03-03', '0809 4483 866', 'Ds. Wahidin Sudirohusodo No. 792, Medan 16843, Kalsel', 2, 'dokter10@gmail.com', NULL, '$2y$12$L8y9JZxdESUXevBXaTHONeMPnpHqdwwlhAKaW0DepgAVRn7TyP2ha', NULL, '2025-03-03 14:25:15', '2025-03-03 14:25:15'),
(12, 'Pasien 1', 'Pria', '1975-03-03', '0371 0671 184', 'Ds. Abdullah No. 857, Kupang 69155, Banten', 3, 'pasien1@gmail.com', NULL, '$2y$12$DUhRivH8F0IGjHMjHOcrGOTVnIjrPKyFhe2XLWDgo4uZl4G9fVXhS', NULL, '2025-03-03 14:25:15', '2025-03-03 14:25:15'),
(13, 'Pasien 2', 'Wanita', '1989-03-03', '(+62) 703 7275 1239', 'Dk. Rajawali Barat No. 347, Tanjungbalai 25177, Sulsel', 3, 'pasien2@gmail.com', NULL, '$2y$12$ha8zP1t1Pjc8ilrYz9DZ2OCLZUBtXE9MaIfqSqBGK0TM/TgEI32VK', NULL, '2025-03-03 14:25:15', '2025-03-03 14:25:15'),
(14, 'Pasien 3', 'Wanita', '1979-03-03', '0336 3789 1183', 'Ki. Laksamana No. 425, Tomohon 38133, Babel', 3, 'pasien3@gmail.com', NULL, '$2y$12$bCWexxpBtrr3JEYtUKMineAv8DGn9og7w.WPCrd84K0OpDmd6alBG', NULL, '2025-03-03 14:25:15', '2025-03-03 14:25:15'),
(15, 'Pasien 4', 'Pria', '1992-03-03', '0283 9581 381', 'Dk. Nanas No. 884, Tasikmalaya 62097, Bali', 3, 'pasien4@gmail.com', NULL, '$2y$12$nqeifPsBRyKpYZoJHTZgMO/CJ1i.fObV4FbODSb54XynMz4xdHMwK', NULL, '2025-03-03 14:25:16', '2025-03-03 14:25:16'),
(16, 'Pasien 5', 'Pria', '2002-03-03', '(+62) 854 1395 818', 'Kpg. Bara No. 435, Probolinggo 39619, Bali', 3, 'pasien5@gmail.com', NULL, '$2y$12$0RS6lvKChUv7rOC2E.K31uNiz1jeJlgh7TX.XohgaS5QkbR/RUzQ.', NULL, '2025-03-03 14:25:16', '2025-03-03 14:25:16'),
(17, 'Pasien 6', 'Wanita', '1978-03-03', '(+62) 971 9548 6063', 'Jln. Raya Setiabudhi No. 668, Tarakan 19939, DKI', 3, 'pasien6@gmail.com', NULL, '$2y$12$Z0hdKE.KIqMch.BXPvL0FujLOIRBaU07NFM1awnTdljHYzVa9xsdW', NULL, '2025-03-03 14:25:16', '2025-03-03 14:25:16'),
(18, 'Pasien 7', 'Pria', '1999-03-03', '0705 1182 4503', 'Ki. Kebangkitan Nasional No. 722, Administrasi Jakarta Barat 97155, Kalsel', 3, 'pasien7@gmail.com', NULL, '$2y$12$WjBFaZLhl0ppBcqjXzsjauuotgYR6msgRAS8ihtUaWHS9KqAeOEza', NULL, '2025-03-03 14:25:16', '2025-03-03 14:25:16'),
(19, 'Pasien 8', 'Wanita', '1988-03-03', '0543 8269 128', 'Gg. Bambu No. 460, Tanjung Pinang 82555, Maluku', 3, 'pasien8@gmail.com', NULL, '$2y$12$pC7dCJwGBAlwHwTQiHgTe.uoUviey/M1QjDgz4PXB926RmNsxF3FC', NULL, '2025-03-03 14:25:16', '2025-03-03 14:25:16'),
(20, 'Pasien 9', 'Pria', '1986-03-03', '0696 4200 9297', 'Gg. Bawal No. 487, Tebing Tinggi 30955, Kalteng', 3, 'pasien9@gmail.com', NULL, '$2y$12$sKvwt9Smnx6fjflI.Bo4UeFThrVr3.HZI/4wwaJVMoDcKrJycnLry', NULL, '2025-03-03 14:25:17', '2025-03-03 14:25:17'),
(21, 'Pasien 10', 'Wanita', '1979-03-03', '(+62) 394 5862 694', 'Psr. Halim No. 647, Sabang 24147, Sumbar', 3, 'pasien10@gmail.com', NULL, '$2y$12$omyBXMoM3RHbTD/dAs4cTOMgMVZzET1oRDD5xSDUup/4k4nipk3Mm', NULL, '2025-03-03 14:25:17', '2025-03-03 14:25:17'),
(22, 'Pasien 11', 'Wanita', '1999-03-03', '0910 9149 472', 'Ds. Fajar No. 302, Pekanbaru 58410, Sumbar', 3, 'pasien11@gmail.com', NULL, '$2y$12$p5ZuJgIC4KgZCp.EQDVWxefegrYwpICS199QIGyvK2YpSy6oSONyq', NULL, '2025-03-03 14:25:17', '2025-03-03 14:25:17'),
(23, 'Pasien 12', 'Pria', '1989-03-03', '(+62) 356 2392 9611', 'Jln. Cut Nyak Dien No. 350, Pariaman 56463, Sultra', 3, 'pasien12@gmail.com', NULL, '$2y$12$sBvSpx20leblYZF0/9wpcOSYHv6ucoFbp85BjRWyK.cWeXO4cS/G.', NULL, '2025-03-03 14:25:17', '2025-03-03 14:25:17'),
(24, 'Pasien 13', 'Pria', '1998-03-03', '0249 8769 4752', 'Ki. Jaksa No. 84, Banjarmasin 62906, Papua', 3, 'pasien13@gmail.com', NULL, '$2y$12$NQ8xxVpzzOc5CCkSmWtNe.rC/XgHhNcPrNlF6cl09ssAoZiDKrgbG', NULL, '2025-03-03 14:25:17', '2025-03-03 14:25:17'),
(25, 'Pasien 14', 'Pria', '2001-03-03', '(+62) 28 7570 0254', 'Ds. Ujung No. 777, Administrasi Jakarta Selatan 95402, Jatim', 3, 'pasien14@gmail.com', NULL, '$2y$12$yugpkkxwlYnnLDuKiiqt1ueCk9aSD6fsG3NsvxOz6eD7iCvYxWbYS', NULL, '2025-03-03 14:25:17', '2025-03-03 14:25:17'),
(26, 'Pasien 15', 'Wanita', '2002-03-03', '0963 0551 713', 'Jr. B.Agam Dlm No. 861, Palu 47087, NTB', 3, 'pasien15@gmail.com', NULL, '$2y$12$T3FrDTaio9YsDz5ZnHxDAeWIAGAxttfnvwvdmswXaNW5nQ8aH1yay', NULL, '2025-03-03 14:25:18', '2025-03-03 14:25:18'),
(27, 'Pasien 16', 'Wanita', '1978-03-03', '(+62) 25 8650 103', 'Psr. Bazuka Raya No. 871, Pekalongan 48300, Banten', 3, 'pasien16@gmail.com', NULL, '$2y$12$KH/NQ7jEcNcMmvANxibOzeKq5vvsKjY0eH1FwJ/lla5LA1gnQx.2i', NULL, '2025-03-03 14:25:18', '2025-03-03 14:25:18'),
(28, 'Pasien 17', 'Pria', '1999-03-03', '0967 0080 082', 'Gg. Baja No. 57, Ambon 16070, Jateng', 3, 'pasien17@gmail.com', NULL, '$2y$12$LOqbaUZPSXxK0pqg1c8BhOXcnJvlofaSdHqsX/eMzioByruQYVYZO', NULL, '2025-03-03 14:25:18', '2025-03-03 14:25:18'),
(29, 'Pasien 18', 'Wanita', '1984-03-03', '(+62) 846 2833 8518', 'Psr. Barat No. 469, Tegal 59530, Gorontalo', 3, 'pasien18@gmail.com', NULL, '$2y$12$XjRCQIoQLSJO64OGUYiZOe4sGdCA9nJb3xKBbPTLpAXKQL7QoWxC2', NULL, '2025-03-03 14:25:18', '2025-03-03 14:25:18'),
(30, 'Pasien 19', 'Wanita', '2007-03-03', '028 2414 931', 'Ds. Batako No. 66, Bontang 70635, Bengkulu', 3, 'pasien19@gmail.com', NULL, '$2y$12$hlLI7NxvbhBMsEpN4Fgt6.iyFewly.co0RQZ90jxADSe0ioUutaBi', NULL, '2025-03-03 14:25:18', '2025-03-03 14:25:18'),
(31, 'Pasien 20', 'Pria', '1986-03-03', '(+62) 943 4682 6088', 'Jr. Baiduri No. 613, Prabumulih 77985, NTB', 3, 'pasien20@gmail.com', NULL, '$2y$12$xvgOP2y3./8/X2QmJNnXPe.yxK47fa1uL1YxPMFvJ5GHh1LIBkNUC', NULL, '2025-03-03 14:25:19', '2025-03-03 14:25:19'),
(32, 'Pasien 21', 'Pria', '2004-03-03', '0824 624 869', 'Jln. Basmol Raya No. 205, Kediri 95442, Sumbar', 3, 'pasien21@gmail.com', NULL, '$2y$12$zOjZCNLUG87XYpttzv.uyez1cN4S0QhQiWwfesW562EhLdllbaOU6', NULL, '2025-03-03 14:25:19', '2025-03-03 14:25:19'),
(33, 'Pasien 22', 'Pria', '1987-03-03', '(+62) 817 897 264', 'Ki. Cihampelas No. 256, Mojokerto 63972, Bengkulu', 3, 'pasien22@gmail.com', NULL, '$2y$12$D7qetnf3qAoYsrSx5DIrvONNKwYQ57EGD9m3K.Z70oChTvyzF5KNO', NULL, '2025-03-03 14:25:19', '2025-03-03 14:25:19'),
(34, 'Pasien 23', 'Pria', '2007-03-03', '(+62) 307 7993 343', 'Kpg. Suryo Pranoto No. 952, Jayapura 16311, Bali', 3, 'pasien23@gmail.com', NULL, '$2y$12$oo3ujZjWDmLK3B2fTByG8.Ui0CjEQMnce2NvxVEoWN7R.tXcoOhnC', NULL, '2025-03-03 14:25:19', '2025-03-03 14:25:19'),
(35, 'Pasien 24', 'Pria', '1986-03-03', '(+62) 345 7610 6842', 'Kpg. Dahlia No. 301, Palu 41474, Kalsel', 3, 'pasien24@gmail.com', NULL, '$2y$12$2pDR0725GORSrCJFYGzHn.Stj6gWmJ3ycnGj9.WfIstjZIHDl7x2O', NULL, '2025-03-03 14:25:19', '2025-03-03 14:25:19'),
(36, 'Pasien 25', 'Wanita', '1996-03-03', '0407 3043 627', 'Jln. Basuki Rahmat  No. 526, Binjai 79025, Sultra', 3, 'pasien25@gmail.com', NULL, '$2y$12$p08dlCw/HdSdtf7VIJsIx.CozbgKqTFH2BQPusKlrJSsx49mpEKdK', NULL, '2025-03-03 14:25:20', '2025-03-03 14:25:20'),
(37, 'Pasien 26', 'Wanita', '1989-03-03', '0261 8328 226', 'Dk. Sukabumi No. 210, Binjai 26889, Bengkulu', 3, 'pasien26@gmail.com', NULL, '$2y$12$8O6/RJ59dvG/Yn8ZgRckeOLQmXlQqkN8ebGxsVo7gILV7NpQO0BHK', NULL, '2025-03-03 14:25:20', '2025-03-03 14:25:20'),
(38, 'Pasien 27', 'Pria', '1984-03-03', '0298 0613 4167', 'Dk. Kebonjati No. 457, Pekalongan 94368, Papua', 3, 'pasien27@gmail.com', NULL, '$2y$12$APMQsIBwiU..ImFjQfNapOEK5OIZCmBaBcO9ILThG8uk6R3NTaUta', NULL, '2025-03-03 14:25:20', '2025-03-03 14:25:20'),
(39, 'Pasien 28', 'Pria', '2006-03-03', '(+62) 726 5748 3311', 'Jr. Sugiyopranoto No. 518, Bogor 82906, Gorontalo', 3, 'pasien28@gmail.com', NULL, '$2y$12$NW/sfrUQEUNgj7Y9SyKgMuuwVXMj4vJWt6Dm1ss2BWR8y.SFuMKYm', NULL, '2025-03-03 14:25:20', '2025-03-03 14:25:20'),
(40, 'Pasien 29', 'Wanita', '2000-03-03', '021 4833 8766', 'Psr. Baja Raya No. 804, Padangpanjang 28694, DIY', 3, 'pasien29@gmail.com', NULL, '$2y$12$3qcFNe.RzLf78HokRMOT2.wiuf0E4ve21piV7oR1bHEAR5PReUOWy', NULL, '2025-03-03 14:25:21', '2025-03-03 14:25:21'),
(41, 'Pasien 30', 'Pria', '2007-03-03', '0616 6949 9904', 'Psr. Sentot Alibasa No. 514, Medan 75030, Sultra', 3, 'pasien30@gmail.com', NULL, '$2y$12$.Td7bNi0MHPoT3Oe8.cyKedWUY5wvXxUDUWt1hzedh8bMHFv.vxN6', NULL, '2025-03-03 14:25:21', '2025-03-03 14:25:21'),
(42, 'Pasien 31', 'Wanita', '2001-03-03', '(+62) 586 0724 166', 'Ki. Baya Kali Bungur No. 465, Surabaya 84460, Sumbar', 3, 'pasien31@gmail.com', NULL, '$2y$12$Zfo8o6N4SYrS2sMTHv3BjuamAIsMi95equxaxwkxxha4IvTblziqu', NULL, '2025-03-03 14:25:21', '2025-03-03 14:25:21'),
(43, 'Pasien 32', 'Pria', '1989-03-03', '0496 0743 602', 'Jln. Sadang Serang No. 518, Jambi 88017, Aceh', 3, 'pasien32@gmail.com', NULL, '$2y$12$IijnfMaVieAVrsc9zAhQn.wnWroPRhrGQ4r7SUV6GJosQsiRnvsCu', NULL, '2025-03-03 14:25:22', '2025-03-03 14:25:22'),
(44, 'Pasien 33', 'Wanita', '1988-03-03', '0483 3741 1464', 'Gg. Jambu No. 488, Gunungsitoli 39413, Sumut', 3, 'pasien33@gmail.com', NULL, '$2y$12$yNaSW43J2Zd68Iru0eid4eSOUYTBk7f3ZLEKKUvyg3oyZyN6Q1QC2', NULL, '2025-03-03 14:25:22', '2025-03-03 14:25:22'),
(45, 'Pasien 34', 'Wanita', '1987-03-03', '0514 9692 5966', 'Dk. Raden No. 842, Salatiga 67585, Jateng', 3, 'pasien34@gmail.com', NULL, '$2y$12$SEfhKSRwxXqdcv2fKdPfUeQljCwJEQy.Ll0zSJsU3wrsiPUFoYPw2', NULL, '2025-03-03 14:25:22', '2025-03-03 14:25:22'),
(46, 'Pasien 35', 'Wanita', '1982-03-03', '(+62) 950 8877 0717', 'Jln. Bayan No. 746, Gunungsitoli 83084, Papua', 3, 'pasien35@gmail.com', NULL, '$2y$12$FiBu3pAsNde1yEN4LV1EZOc9UgzwfxdTyBA.FpM7Lpr7mY8nzDUku', NULL, '2025-03-03 14:25:23', '2025-03-03 14:25:23'),
(47, 'Pasien 36', 'Wanita', '1985-03-03', '0809 2353 6855', 'Kpg. Yoga No. 636, Parepare 52430, Kepri', 3, 'pasien36@gmail.com', NULL, '$2y$12$6jcpFtRc6qKg/0dWxattne8gioEJa6fZEG2kZENls3eoM9Lmu7POe', NULL, '2025-03-03 14:25:23', '2025-03-03 14:25:23'),
(48, 'Pasien 37', 'Pria', '1978-03-03', '0570 0762 8124', 'Jr. Diponegoro No. 281, Administrasi Jakarta Utara 76278, Sultra', 3, 'pasien37@gmail.com', NULL, '$2y$12$rwNFKhAFsQMCRaq0WukEWuHy/uvwd60J119i4mGXnmwUraDLGoR6W', NULL, '2025-03-03 14:25:23', '2025-03-03 14:25:23'),
(49, 'Pasien 38', 'Pria', '1996-03-03', '(+62) 28 4812 7434', 'Ds. Rajawali No. 623, Pasuruan 51562, Sumut', 3, 'pasien38@gmail.com', NULL, '$2y$12$OX1xbxt8wN7Ek/g1hL.mJe9JXPSPtad0fMMRUcge2ON2GycTWCtcK', NULL, '2025-03-03 14:25:23', '2025-03-03 14:25:23'),
(50, 'Pasien 39', 'Pria', '1982-03-03', '0810 7616 8882', 'Psr. Jakarta No. 528, Sorong 88455, Gorontalo', 3, 'pasien39@gmail.com', NULL, '$2y$12$/aAu84sS2fAZFHMupEFpOO9w3kVCZoJ3albP0vIYBfQxtKvkFpyuC', NULL, '2025-03-03 14:25:24', '2025-03-03 14:25:24'),
(51, 'Pasien 40', 'Wanita', '1987-03-03', '0912 7981 433', 'Psr. Ters. Buah Batu No. 654, Medan 28647, Kaltara', 3, 'pasien40@gmail.com', NULL, '$2y$12$gjTdZGaeggGw5tOrYQWobuHOgOrStlU6zK7d8qj1SzUAwbuZoUINm', NULL, '2025-03-03 14:25:24', '2025-03-03 14:25:24'),
(52, 'Pasien 41', 'Pria', '1975-03-03', '0426 2111 5542', 'Jr. S. Parman No. 981, Pangkal Pinang 38004, Sulbar', 3, 'pasien41@gmail.com', NULL, '$2y$12$AGbbs81HjapiA7OfRwc74uM/csKJb85pzHtXdTl1zJ1songpi4vq6', NULL, '2025-03-03 14:25:24', '2025-03-03 14:25:24'),
(53, 'Pasien 42', 'Pria', '2004-03-03', '(+62) 830 4783 971', 'Dk. Yosodipuro No. 933, Jambi 97745, DIY', 3, 'pasien42@gmail.com', NULL, '$2y$12$TjRuePV8M9mxKNJ.nfrMbeV1npTFwSzA/q9HKrZtzBC2WqFANJPG6', NULL, '2025-03-03 14:25:25', '2025-03-03 14:25:25'),
(54, 'Pasien 43', 'Pria', '1984-03-03', '0964 1081 199', 'Jln. Mahakam No. 428, Administrasi Jakarta Timur 59024, Kaltim', 3, 'pasien43@gmail.com', NULL, '$2y$12$LjVOM/jeniD7Q3WQLFwvd.CBWtb2LuXTQlU4hfHJz2GuAkOn7hNBS', NULL, '2025-03-03 14:25:25', '2025-03-03 14:25:25'),
(55, 'Pasien 44', 'Pria', '1996-03-03', '0936 0032 551', 'Gg. Setiabudhi No. 60, Tarakan 78644, Kaltim', 3, 'pasien44@gmail.com', NULL, '$2y$12$09rb/HiWoqq8OmcZ5cUI4.ZbdHupZRC6Ws5iazAcHtFNk5rbtb4m6', NULL, '2025-03-03 14:25:25', '2025-03-03 14:25:25'),
(56, 'Pasien 45', 'Pria', '1985-03-03', '(+62) 382 1596 902', 'Jr. Banda No. 797, Tanjung Pinang 90898, Pabar', 3, 'pasien45@gmail.com', NULL, '$2y$12$tg3U/un9GjQDIIjkWpafi.slYUxw2QQ9LyduA1z/YHSDltp8PCA8u', NULL, '2025-03-03 14:25:26', '2025-03-03 14:25:26'),
(57, 'Pasien 46', 'Wanita', '1998-03-03', '(+62) 482 8051 384', 'Kpg. Balikpapan No. 923, Pasuruan 19840, Lampung', 3, 'pasien46@gmail.com', NULL, '$2y$12$5RMUC7KWzdLeqwyATmeobuDhNjjupv47gdVpwACPnd.44YXLeoZiW', NULL, '2025-03-03 14:25:26', '2025-03-03 14:25:26'),
(58, 'Pasien 47', 'Wanita', '1999-03-03', '0556 9150 8332', 'Gg. Basuki No. 955, Blitar 88798, Bengkulu', 3, 'pasien47@gmail.com', NULL, '$2y$12$4G8J/SNY6FiBjunyRo8hpuDsdh6pNQopAiHXIwJHoZYr687SPNUZ.', NULL, '2025-03-03 14:25:26', '2025-03-03 14:25:26'),
(59, 'Pasien 48', 'Wanita', '2000-03-03', '(+62) 203 3352 699', 'Dk. Peta No. 742, Jayapura 50938, Pabar', 3, 'pasien48@gmail.com', NULL, '$2y$12$GIS96u7mPauJTxyi.YtB6uM7f/Drs1fVdTTWyea.tCwwNM1ysr9pa', NULL, '2025-03-03 14:25:27', '2025-03-03 14:25:27'),
(60, 'Pasien 49', 'Wanita', '1984-03-03', '020 5111 420', 'Dk. Baranang Siang Indah No. 675, Gorontalo 44979, NTT', 3, 'pasien49@gmail.com', NULL, '$2y$12$t7lFJxkmRULm761FVPu3ZO3aoNFBoP7IXxU9GDEmAtSTqLS8wGB2e', NULL, '2025-03-03 14:25:27', '2025-03-03 14:25:27'),
(61, 'Pasien 50', 'Pria', '1988-03-03', '(+62) 645 5346 0541', 'Jln. Bass No. 388, Administrasi Jakarta Barat 74344, Maluku', 3, 'pasien50@gmail.com', NULL, '$2y$12$uT42.MfcN0lzCwzNa4T2re71GVoLw1rje3f5YipPLrjDBG1zUbN.W', NULL, '2025-03-03 14:25:27', '2025-03-03 14:25:27'),
(62, 'Pasien 51', 'Pria', '1997-03-03', '(+62) 916 6773 7859', 'Ki. Pasteur No. 36, Bontang 14260, Jatim', 3, 'pasien51@gmail.com', NULL, '$2y$12$Kn9w1KJvYZFiRQFl624.fu/o2FxX5rdA6uFLs7F.KB0WNK/H2eHpG', NULL, '2025-03-03 14:25:28', '2025-03-03 14:25:28'),
(63, 'Pasien 52', 'Wanita', '2001-03-03', '0468 3397 622', 'Jln. Moch. Yamin No. 22, Payakumbuh 18139, Papua', 3, 'pasien52@gmail.com', NULL, '$2y$12$TWw31RXn8tlGN6Imv8YlPeu.tRfIns/f2qA3H3wrYpvShr8J/C5Ve', NULL, '2025-03-03 14:25:28', '2025-03-03 14:25:28'),
(64, 'Pasien 53', 'Wanita', '1981-03-03', '(+62) 394 4811 5603', 'Psr. Wahidin Sudirohusodo No. 166, Tebing Tinggi 97857, Kepri', 3, 'pasien53@gmail.com', NULL, '$2y$12$rbBew3eqYWogL.JYisCykOsToFiPTqov2EWT7J9Oekq7WkD6Wuuz6', NULL, '2025-03-03 14:25:29', '2025-03-03 14:25:29'),
(65, 'Pasien 54', 'Pria', '1986-03-03', '(+62) 558 5897 537', 'Jr. Padma No. 245, Samarinda 94402, Sulbar', 3, 'pasien54@gmail.com', NULL, '$2y$12$bgwC3dItiiieAbHshjhqiuB4I9PCia4/GsfpoehUoDac0FVONTkwW', NULL, '2025-03-03 14:25:29', '2025-03-03 14:25:29'),
(66, 'Pasien 55', 'Wanita', '1998-03-03', '(+62) 27 3798 912', 'Ds. Eka No. 64, Batu 39834, Papua', 3, 'pasien55@gmail.com', NULL, '$2y$12$6swgus7Dflrh7ll89GGo/uInNENzn4X45diNueWnmwN68jUOprcPO', NULL, '2025-03-03 14:25:29', '2025-03-03 14:25:29'),
(67, 'Pasien 56', 'Wanita', '1983-03-03', '0946 3986 0689', 'Ds. Kalimantan No. 305, Pontianak 13465, NTT', 3, 'pasien56@gmail.com', NULL, '$2y$12$Njrdah5C3sNOhIvUqD.lIOhGqe3BTLjdyabWLvxieyM4A8kalmcGG', NULL, '2025-03-03 14:25:30', '2025-03-03 14:25:30'),
(68, 'Pasien 57', 'Wanita', '1996-03-03', '(+62) 899 330 041', 'Ki. Bahagia  No. 48, Tangerang 44802, Kaltim', 3, 'pasien57@gmail.com', NULL, '$2y$12$GYNTAfuVdaMjy67MvpRKIuKY6ONmus2ToQybVBdBbHqTVQKHyXyYm', NULL, '2025-03-03 14:25:30', '2025-03-03 14:25:30'),
(69, 'Pasien 58', 'Pria', '1982-03-03', '(+62) 202 0120 430', 'Dk. Ronggowarsito No. 918, Mojokerto 86450, Kepri', 3, 'pasien58@gmail.com', NULL, '$2y$12$7IqB2KOYYPEjsI1kLjoY6OFelnByTsf.v17tioqwB6ixaybYHlgX6', NULL, '2025-03-03 14:25:30', '2025-03-03 14:25:30'),
(70, 'Pasien 59', 'Wanita', '1987-03-03', '028 3123 999', 'Psr. Cikapayang No. 258, Sibolga 11980, Jambi', 3, 'pasien59@gmail.com', NULL, '$2y$12$3DT60HWN0NafU/om2ZKS1ez1ZPUJAT70Z8QPjvd8HxV8VGkBeJ1YK', NULL, '2025-03-03 14:25:31', '2025-03-03 14:25:31'),
(71, 'Pasien 60', 'Wanita', '2006-03-03', '(+62) 950 3154 6957', 'Dk. Wahidin Sudirohusodo No. 671, Pariaman 63223, Bengkulu', 3, 'pasien60@gmail.com', NULL, '$2y$12$DdS..7LCEe47ybDF7L40TOt2F/J1LdYwaAi1SS872kFZWZKSoGVNq', NULL, '2025-03-03 14:25:31', '2025-03-03 14:25:31'),
(72, 'Pasien 61', 'Wanita', '1982-03-03', '0360 0080 368', 'Kpg. Eka No. 868, Tanjung Pinang 64884, DIY', 3, 'pasien61@gmail.com', NULL, '$2y$12$UgvnwKtYSncalJBjvQgDw.egJJKY1eZ9rPsGHxX4V9xCE7sR/iVOi', NULL, '2025-03-03 14:25:31', '2025-03-03 14:25:31'),
(73, 'Pasien 62', 'Pria', '2006-03-03', '(+62) 885 855 042', 'Jr. Gegerkalong Hilir No. 167, Padang 57499, Jatim', 3, 'pasien62@gmail.com', NULL, '$2y$12$rWd8xrmX1Q8hJuNKtdyDPendzqX0SgNTi4xMVgSjTmptPNum4Sl56', NULL, '2025-03-03 14:25:32', '2025-03-03 14:25:32'),
(74, 'Pasien 63', 'Pria', '1999-03-03', '(+62) 603 6272 111', 'Gg. Jend. Sudirman No. 195, Blitar 55687, Kaltara', 3, 'pasien63@gmail.com', NULL, '$2y$12$6scvsL1MnTI0MJj4ptf27OXXTEzO8ff/HJ4AXRJy8SExs4uoq3cOm', NULL, '2025-03-03 14:25:32', '2025-03-03 14:25:32'),
(75, 'Pasien 64', 'Wanita', '1980-03-03', '(+62) 640 9519 607', 'Gg. Salam No. 342, Bandar Lampung 84860, Kalbar', 3, 'pasien64@gmail.com', NULL, '$2y$12$gS.z5PFrVetn7qc5MkgY5.ZE46gXy0Z9eFhtXfaIATKaCphOQIn4S', NULL, '2025-03-03 14:25:32', '2025-03-03 14:25:32'),
(76, 'Pasien 65', 'Pria', '1986-03-03', '(+62) 568 7727 673', 'Ds. Gajah Mada No. 63, Kupang 88851, Kepri', 3, 'pasien65@gmail.com', NULL, '$2y$12$8ZmKYpyATqG4QG2UMcOZ/ukoVZ9uIaLYqTuG9pHsmO5plOKsmVY6u', NULL, '2025-03-03 14:25:33', '2025-03-03 14:25:33'),
(77, 'Pasien 66', 'Pria', '1995-03-03', '0872 320 514', 'Gg. Pahlawan No. 466, Binjai 49870, Malut', 3, 'pasien66@gmail.com', NULL, '$2y$12$92Y7diIWlV.msV8rKklf.e.ZDMTcHr.zVEmDaQXIsnZWqfoFg8tEK', NULL, '2025-03-03 14:25:33', '2025-03-03 14:25:33'),
(78, 'Pasien 67', 'Pria', '1988-03-03', '(+62) 378 0900 6333', 'Gg. Setia Budi No. 530, Padangsidempuan 90800, Sultra', 3, 'pasien67@gmail.com', NULL, '$2y$12$vYFnijqG9qZS7t.lNvG/NeG/RPEyGiJhy8zdzdd/n8lXU9V4OQlda', NULL, '2025-03-03 14:25:33', '2025-03-03 14:25:33'),
(79, 'Pasien 68', 'Pria', '1982-03-03', '(+62) 278 9872 1402', 'Ki. Kebangkitan Nasional No. 738, Sorong 60865, Kalteng', 3, 'pasien68@gmail.com', NULL, '$2y$12$ZA5gKja0SBXpbge.lFatGeAUz48Tba2Q9JZpmSa8cOZDD4.Tq7M6W', NULL, '2025-03-03 14:25:34', '2025-03-03 14:25:34'),
(80, 'Pasien 69', 'Wanita', '1978-03-03', '0698 4891 5674', 'Dk. Dipenogoro No. 239, Kotamobagu 25821, Banten', 3, 'pasien69@gmail.com', NULL, '$2y$12$e.YgyXRk6WvQXrlT1.kKZuW6aIDL48FCqgGv3ZHdSYh6wOgvaNzJq', NULL, '2025-03-03 14:25:34', '2025-03-03 14:25:34'),
(81, 'Pasien 70', 'Wanita', '2007-03-03', '(+62) 845 8798 782', 'Dk. Moch. Yamin No. 945, Prabumulih 15035, Sumut', 3, 'pasien70@gmail.com', NULL, '$2y$12$gzWpduA5z7kstIAZErPoRu9gYr9F5/0GXsMCumyAko3RONnhoXePe', NULL, '2025-03-03 14:25:34', '2025-03-03 14:25:34'),
(82, 'Pasien 71', 'Pria', '2004-03-03', '(+62) 884 2019 442', 'Ki. Baik No. 446, Kendari 20283, Babel', 3, 'pasien71@gmail.com', NULL, '$2y$12$LcJoLlz2J22jtdXnFNG5jeCUhkqKPl6y6.3i0I7Vno3o6nGd25kNK', NULL, '2025-03-03 14:25:35', '2025-03-03 14:25:35'),
(83, 'Pasien 72', 'Pria', '1981-03-03', '0713 1060 1674', 'Psr. B.Agam 1 No. 622, Singkawang 58549, Kalbar', 3, 'pasien72@gmail.com', NULL, '$2y$12$7MmNSpHNSMMYCdD1CeiQFOR6g6pJQ7T0hmq0D0N3y68.PzWZYvhai', NULL, '2025-03-03 14:25:35', '2025-03-03 14:25:35'),
(84, 'Pasien 73', 'Pria', '1984-03-03', '0639 7107 025', 'Jr. Pahlawan No. 102, Cimahi 91910, Babel', 3, 'pasien73@gmail.com', NULL, '$2y$12$SYAC66W/qYZ0KkphqWZz5.npAobdL39DrqgJ5MQCcqn9Xote0NGS2', NULL, '2025-03-03 14:25:35', '2025-03-03 14:25:35'),
(85, 'Pasien 74', 'Wanita', '1979-03-03', '(+62) 846 3517 1806', 'Dk. Padma No. 395, Probolinggo 10929, Bengkulu', 3, 'pasien74@gmail.com', NULL, '$2y$12$lYFZyJ1mxG0lXbSRTp6kguYLYhV45UmwIJ5VsGbumildkPrN.Py9a', NULL, '2025-03-03 14:25:36', '2025-03-03 14:25:36'),
(86, 'Pasien 75', 'Wanita', '1976-03-03', '(+62) 725 9700 681', 'Gg. Kalimantan No. 570, Padang 11810, Bali', 3, 'pasien75@gmail.com', NULL, '$2y$12$nxJUB515Cfrj1OMR4nxh/ORJqhzn1IZecQCET0KlaG1iwxiTXY2RK', NULL, '2025-03-03 14:25:36', '2025-03-03 14:25:36'),
(87, 'Pasien 76', 'Wanita', '1998-03-03', '(+62) 23 5767 707', 'Psr. Tubagus Ismail No. 458, Probolinggo 92248, Jateng', 3, 'pasien76@gmail.com', NULL, '$2y$12$1H/9vT4tTzmt8NV1EGjl.ubo06/TQ40nlJQ8bZTkPfIn/o5TxkZVO', NULL, '2025-03-03 14:25:36', '2025-03-03 14:25:36'),
(88, 'Pasien 77', 'Pria', '2003-03-03', '0289 3213 287', 'Psr. Veteran No. 875, Serang 11147, DIY', 3, 'pasien77@gmail.com', NULL, '$2y$12$DKr8Bq2zD1a4XpmHH4./3uRSqsQEEEtzDuFl6qtW30TgAp3UV5q0C', NULL, '2025-03-03 14:25:37', '2025-03-03 14:25:37'),
(89, 'Pasien 78', 'Wanita', '1988-03-03', '0584 2798 410', 'Kpg. Bass No. 955, Sawahlunto 50933, Kalteng', 3, 'pasien78@gmail.com', NULL, '$2y$12$RSf7mDt6LpRgtUgpszDD8.kWlnO9NnyM/iZAtinsBKOSGSh0yb.wG', NULL, '2025-03-03 14:25:37', '2025-03-03 14:25:37'),
(90, 'Pasien 79', 'Wanita', '1998-03-03', '0461 4704 8974', 'Jr. Bak Air No. 772, Blitar 19947, Jambi', 3, 'pasien79@gmail.com', NULL, '$2y$12$qOHlUSbJ9r2crT4ud9x4Pu3xIk8Oti3FEmT6Q2tcIpucbUkDXaIHi', NULL, '2025-03-03 14:25:37', '2025-03-03 14:25:37'),
(91, 'Pasien 80', 'Pria', '2007-03-03', '(+62) 357 6229 1488', 'Ds. Jambu No. 485, Administrasi Jakarta Timur 13966, Sulsel', 3, 'pasien80@gmail.com', NULL, '$2y$12$krhlBNG86ZfiezdMv0st.uSMBk3iJbxhDaBRXCl6qEghXjvT5hHiK', NULL, '2025-03-03 14:25:38', '2025-03-03 14:25:38'),
(92, 'Pasien 81', 'Wanita', '1992-03-03', '0597 3484 5616', 'Gg. Bak Air No. 106, Tomohon 91045, Kaltim', 3, 'pasien81@gmail.com', NULL, '$2y$12$ztbA4G.CZga8m2.bTCJiWecctuhGaFZWf4.JsbWU2rfqmz3cGupl.', NULL, '2025-03-03 14:25:38', '2025-03-03 14:25:38'),
(93, 'Pasien 82', 'Pria', '1990-03-03', '(+62) 397 5282 865', 'Jr. Industri No. 741, Lubuklinggau 67094, Banten', 3, 'pasien82@gmail.com', NULL, '$2y$12$DCR9EyDKVu9a0I3t/wQdPOFyHs9V81r0P5I3dAopa0yyR0nk3/fWC', NULL, '2025-03-03 14:25:38', '2025-03-03 14:25:38'),
(94, 'Pasien 83', 'Wanita', '2002-03-03', '0620 8674 691', 'Ds. Bara Tambar No. 365, Malang 27771, Kalsel', 3, 'pasien83@gmail.com', NULL, '$2y$12$FTXl4xRN0xZQIkogRZ9pjOfGNIMse.vNo.70xF4zyJjrUaXKsqYvS', NULL, '2025-03-03 14:25:38', '2025-03-03 14:25:38'),
(95, 'Pasien 84', 'Wanita', '1990-03-03', '0258 4338 757', 'Gg. Sukajadi No. 226, Solok 62538, Jabar', 3, 'pasien84@gmail.com', NULL, '$2y$12$9djh44PzldDQ3yadlgWc5uqIj1kUfRGlt12dAg5StMU5KHSjjLHgW', NULL, '2025-03-03 14:25:38', '2025-03-03 14:25:38'),
(96, 'Pasien 85', 'Wanita', '2001-03-03', '0768 7516 2087', 'Ds. Agus Salim No. 391, Parepare 88825, Lampung', 3, 'pasien85@gmail.com', NULL, '$2y$12$NK/vKH/LP4afh/mDA9KuWOy6f9cDoTLD2VqezANWyywJAas7xf4Te', NULL, '2025-03-03 14:25:39', '2025-03-03 14:25:39'),
(97, 'Pasien 86', 'Pria', '1992-03-03', '0839 380 123', 'Kpg. Industri No. 222, Bima 24824, Riau', 3, 'pasien86@gmail.com', NULL, '$2y$12$wBg.FUAuGkkk.lHk6nMPC.r2QrKauweiFhlEJOp6/Gb5bANaAEd3O', NULL, '2025-03-03 14:25:39', '2025-03-03 14:25:39'),
(98, 'Pasien 87', 'Pria', '1999-03-03', '0634 7637 081', 'Gg. Abdul. Muis No. 172, Magelang 74621, NTB', 3, 'pasien87@gmail.com', NULL, '$2y$12$IzndVHQqk/sXIxQw90IdKupIhRlvwh8w/O4pzU5ttxG6xspmBs57e', NULL, '2025-03-03 14:25:39', '2025-03-03 14:25:39'),
(99, 'Pasien 88', 'Wanita', '1986-03-03', '0858 485 014', 'Psr. Surapati No. 464, Lubuklinggau 84244, Papua', 3, 'pasien88@gmail.com', NULL, '$2y$12$KbgYGOYtIyRjT6o4S2/bnubSq7DCXKMlU5z5ddNvyV31bLJRItpAi', NULL, '2025-03-03 14:25:39', '2025-03-03 14:25:39'),
(100, 'Pasien 89', 'Wanita', '1985-03-03', '(+62) 366 0519 1123', 'Jln. Babadak No. 382, Bogor 52614, Sumsel', 3, 'pasien89@gmail.com', NULL, '$2y$12$6763/ds2YekxJF8LSqOl0uyLdjzrCr5mImmpPsojWhLSSW2xmxvyS', NULL, '2025-03-03 14:25:39', '2025-03-03 14:25:39'),
(101, 'Pasien 90', 'Pria', '1976-03-03', '(+62) 243 8429 636', 'Psr. Raya Setiabudhi No. 961, Jayapura 44380, Kepri', 3, 'pasien90@gmail.com', NULL, '$2y$12$RRcFDzBe4V5BPnQgyL24XO.LpdU6IkpBgK5v3aWZSlXyP2oEb0Izu', NULL, '2025-03-03 14:25:40', '2025-03-03 14:25:40'),
(102, 'Pasien 91', 'Pria', '1976-03-03', '(+62) 374 6787 382', 'Gg. Kalimantan No. 671, Malang 19147, Sulbar', 3, 'pasien91@gmail.com', NULL, '$2y$12$oTgTz0w4uQYLrhzR9JQGG.wKA/4M0ezON5MziDhkCBlcwv6qyEJ6y', NULL, '2025-03-03 14:25:40', '2025-03-03 14:25:40'),
(103, 'Pasien 92', 'Wanita', '2001-03-03', '0964 5753 5043', 'Jr. Ujung No. 774, Solok 19642, Sumsel', 3, 'pasien92@gmail.com', NULL, '$2y$12$p.zBmyej8qXs7ZqNQJqJYe7dQZGpEGn7dIdVoRFGQvgGeTOGKYK8i', NULL, '2025-03-03 14:25:40', '2025-03-03 14:25:40'),
(104, 'Pasien 93', 'Pria', '1989-03-03', '(+62) 730 3187 4296', 'Gg. Cikutra Timur No. 948, Bukittinggi 85323, Kalbar', 3, 'pasien93@gmail.com', NULL, '$2y$12$uFhyXQFnL85AO9njFZiZk.ZOLbvlH63dRZLG24mCVBkQWnSEf6cD6', NULL, '2025-03-03 14:25:40', '2025-03-03 14:25:40'),
(105, 'Pasien 94', 'Pria', '1985-03-03', '(+62) 986 9967 578', 'Gg. Sutoyo No. 458, Sukabumi 27434, Gorontalo', 3, 'pasien94@gmail.com', NULL, '$2y$12$I9V.GvC8DJoqVNg/josvy.nwcCOMz3S/1ll9y4qr0lQjVC.PFlsWq', NULL, '2025-03-03 14:25:40', '2025-03-03 14:25:40'),
(106, 'Pasien 95', 'Wanita', '1979-03-03', '0480 4976 7759', 'Psr. Suprapto No. 41, Padangpanjang 76656, Kalbar', 3, 'pasien95@gmail.com', NULL, '$2y$12$0XYXlfDhdmMFcK.QYAGe2OAEljeNvgD.8LzB0rFf4b7PIkryqFB5W', NULL, '2025-03-03 14:25:41', '2025-03-03 14:25:41'),
(107, 'Pasien 96', 'Wanita', '1979-03-03', '(+62) 675 0171 2144', 'Dk. Daan No. 452, Probolinggo 24380, Bali', 3, 'pasien96@gmail.com', NULL, '$2y$12$k1z2JCn5hpBI9s.A5zCv1um0kLjz34KpCB7K2aeXCx5sz62hw3PN2', NULL, '2025-03-03 14:25:41', '2025-03-03 14:25:41'),
(108, 'Pasien 97', 'Wanita', '2006-03-03', '0655 9194 317', 'Ds. Dahlia No. 529, Pangkal Pinang 34575, Riau', 3, 'pasien97@gmail.com', NULL, '$2y$12$op7zxTDz6tMvYfudZ1pd3OgQN8GRbs0y4zNxrFLpR73C.sSrk94tm', NULL, '2025-03-03 14:25:41', '2025-03-03 14:25:41'),
(109, 'Pasien 98', 'Pria', '2005-03-03', '(+62) 370 7642 6278', 'Jln. Asia Afrika No. 912, Ambon 90479, Malut', 3, 'pasien98@gmail.com', NULL, '$2y$12$eSDRgDlPe1BFMMuqMBOxSOHIA28oJ2fn4lqbNv2Fnct4MesREjsqO', NULL, '2025-03-03 14:25:41', '2025-03-03 14:25:41'),
(110, 'Pasien 99', 'Pria', '1992-03-03', '0391 6208 8838', 'Jr. Basmol Raya No. 815, Bandar Lampung 94893, Gorontalo', 3, 'pasien99@gmail.com', NULL, '$2y$12$AgeHm2JSCotlwDrGxD7RBu6wDjXS1u8eNFueXyYAJfdxXmhJOnUPC', NULL, '2025-03-03 14:25:41', '2025-03-03 14:25:41'),
(111, 'Pasien 100', 'Pria', '2005-03-03', '0395 6083 519', 'Jr. Taman No. 270, Administrasi Jakarta Selatan 40272, Sulsel', 3, 'pasien100@gmail.com', NULL, '$2y$12$8ivxvF1I9qzxbR896zTaNerSxn/WXlS3ZZf69P1e9z.9oMN1v9X6m', NULL, '2025-03-03 14:25:42', '2025-03-03 14:25:42'),
(112, 'Agiftsany Azhar', 'Pria', '2025-03-03', '082330725030', 'Mojosantren RT 11 RW 03 Kemasan Krian', 3, 'agiftsanyazhar@gmail.com', NULL, '$2y$12$HaqXw5KHAH8UxlzOrdi5RuLeEYSXmwz0YJG7Zd5rE0Sq5.57FO/QG', NULL, '2025-03-03 14:44:04', '2025-03-03 14:44:04');

--
-- Indexes for dumped tables
--

--
-- Indexes for table `announcements`
--
ALTER TABLE `announcements`
  ADD PRIMARY KEY (`id`);

--
-- Indexes for table `appointments`
--
ALTER TABLE `appointments`
  ADD PRIMARY KEY (`id`),
  ADD KEY `appointments_doctor_id_foreign` (`doctor_id`),
  ADD KEY `appointments_patient_id_foreign` (`patient_id`);

--
-- Indexes for table `doctors`
--
ALTER TABLE `doctors`
  ADD PRIMARY KEY (`id`),
  ADD KEY `doctors_user_id_foreign` (`user_id`),
  ADD KEY `doctors_specialization_id_foreign` (`specialization_id`);

--
-- Indexes for table `doctor_schedules`
--
ALTER TABLE `doctor_schedules`
  ADD PRIMARY KEY (`id`),
  ADD KEY `doctor_schedules_doctor_id_foreign` (`doctor_id`);

--
-- Indexes for table `doctor_testimonials`
--
ALTER TABLE `doctor_testimonials`
  ADD PRIMARY KEY (`id`),
  ADD KEY `doctor_testimonials_doctor_id_foreign` (`doctor_id`);

--
-- Indexes for table `failed_jobs`
--
ALTER TABLE `failed_jobs`
  ADD PRIMARY KEY (`id`),
  ADD UNIQUE KEY `failed_jobs_uuid_unique` (`uuid`);

--
-- Indexes for table `guides`
--
ALTER TABLE `guides`
  ADD PRIMARY KEY (`id`);

--
-- Indexes for table `migrations`
--
ALTER TABLE `migrations`
  ADD PRIMARY KEY (`id`);

--
-- Indexes for table `notifications`
--
ALTER TABLE `notifications`
  ADD PRIMARY KEY (`id`),
  ADD KEY `notifications_user_id_foreign` (`user_id`);

--
-- Indexes for table `password_reset_tokens`
--
ALTER TABLE `password_reset_tokens`
  ADD PRIMARY KEY (`email`);

--
-- Indexes for table `patients`
--
ALTER TABLE `patients`
  ADD PRIMARY KEY (`id`),
  ADD KEY `patients_user_id_foreign` (`user_id`);

--
-- Indexes for table `payment_records`
--
ALTER TABLE `payment_records`
  ADD PRIMARY KEY (`id`),
  ADD KEY `payment_records_appointment_id_foreign` (`appointment_id`);

--
-- Indexes for table `personal_access_tokens`
--
ALTER TABLE `personal_access_tokens`
  ADD PRIMARY KEY (`id`),
  ADD UNIQUE KEY `personal_access_tokens_token_unique` (`token`),
  ADD KEY `personal_access_tokens_tokenable_type_tokenable_id_index` (`tokenable_type`,`tokenable_id`);

--
-- Indexes for table `prescriptions`
--
ALTER TABLE `prescriptions`
  ADD PRIMARY KEY (`id`),
  ADD KEY `prescriptions_appointment_id_foreign` (`appointment_id`);

--
-- Indexes for table `roles`
--
ALTER TABLE `roles`
  ADD PRIMARY KEY (`id`);

--
-- Indexes for table `specializations`
--
ALTER TABLE `specializations`
  ADD PRIMARY KEY (`id`);

--
-- Indexes for table `users`
--
ALTER TABLE `users`
  ADD PRIMARY KEY (`id`),
  ADD UNIQUE KEY `users_email_unique` (`email`),
  ADD KEY `users_role_id_foreign` (`role_id`);

--
-- AUTO_INCREMENT for dumped tables
--

--
-- AUTO_INCREMENT for table `announcements`
--
ALTER TABLE `announcements`
  MODIFY `id` bigint UNSIGNED NOT NULL AUTO_INCREMENT, AUTO_INCREMENT=16;

--
-- AUTO_INCREMENT for table `appointments`
--
ALTER TABLE `appointments`
  MODIFY `id` bigint UNSIGNED NOT NULL AUTO_INCREMENT, AUTO_INCREMENT=84;

--
-- AUTO_INCREMENT for table `doctors`
--
ALTER TABLE `doctors`
  MODIFY `id` bigint UNSIGNED NOT NULL AUTO_INCREMENT, AUTO_INCREMENT=11;

--
-- AUTO_INCREMENT for table `doctor_schedules`
--
ALTER TABLE `doctor_schedules`
  MODIFY `id` bigint UNSIGNED NOT NULL AUTO_INCREMENT, AUTO_INCREMENT=11;

--
-- AUTO_INCREMENT for table `doctor_testimonials`
--
ALTER TABLE `doctor_testimonials`
  MODIFY `id` bigint UNSIGNED NOT NULL AUTO_INCREMENT, AUTO_INCREMENT=101;

--
-- AUTO_INCREMENT for table `failed_jobs`
--
ALTER TABLE `failed_jobs`
  MODIFY `id` bigint UNSIGNED NOT NULL AUTO_INCREMENT;

--
-- AUTO_INCREMENT for table `guides`
--
ALTER TABLE `guides`
  MODIFY `id` bigint UNSIGNED NOT NULL AUTO_INCREMENT, AUTO_INCREMENT=11;

--
-- AUTO_INCREMENT for table `migrations`
--
ALTER TABLE `migrations`
  MODIFY `id` int UNSIGNED NOT NULL AUTO_INCREMENT, AUTO_INCREMENT=17;

--
-- AUTO_INCREMENT for table `notifications`
--
ALTER TABLE `notifications`
  MODIFY `id` bigint UNSIGNED NOT NULL AUTO_INCREMENT, AUTO_INCREMENT=76;

--
-- AUTO_INCREMENT for table `patients`
--
ALTER TABLE `patients`
  MODIFY `id` bigint UNSIGNED NOT NULL AUTO_INCREMENT, AUTO_INCREMENT=103;

--
-- AUTO_INCREMENT for table `payment_records`
--
ALTER TABLE `payment_records`
  MODIFY `id` bigint UNSIGNED NOT NULL AUTO_INCREMENT, AUTO_INCREMENT=76;

--
-- AUTO_INCREMENT for table `personal_access_tokens`
--
ALTER TABLE `personal_access_tokens`
  MODIFY `id` bigint UNSIGNED NOT NULL AUTO_INCREMENT;

--
-- AUTO_INCREMENT for table `prescriptions`
--
ALTER TABLE `prescriptions`
  MODIFY `id` bigint UNSIGNED NOT NULL AUTO_INCREMENT, AUTO_INCREMENT=76;

--
-- AUTO_INCREMENT for table `roles`
--
ALTER TABLE `roles`
  MODIFY `id` bigint UNSIGNED NOT NULL AUTO_INCREMENT, AUTO_INCREMENT=4;

--
-- AUTO_INCREMENT for table `specializations`
--
ALTER TABLE `specializations`
  MODIFY `id` bigint UNSIGNED NOT NULL AUTO_INCREMENT, AUTO_INCREMENT=11;

--
-- AUTO_INCREMENT for table `users`
--
ALTER TABLE `users`
  MODIFY `id` bigint UNSIGNED NOT NULL AUTO_INCREMENT, AUTO_INCREMENT=113;

--
-- Constraints for dumped tables
--

--
-- Constraints for table `appointments`
--
ALTER TABLE `appointments`
  ADD CONSTRAINT `appointments_doctor_id_foreign` FOREIGN KEY (`doctor_id`) REFERENCES `doctors` (`id`) ON DELETE CASCADE ON UPDATE CASCADE,
  ADD CONSTRAINT `appointments_patient_id_foreign` FOREIGN KEY (`patient_id`) REFERENCES `patients` (`id`) ON DELETE CASCADE ON UPDATE CASCADE;

--
-- Constraints for table `doctors`
--
ALTER TABLE `doctors`
  ADD CONSTRAINT `doctors_specialization_id_foreign` FOREIGN KEY (`specialization_id`) REFERENCES `specializations` (`id`) ON DELETE CASCADE ON UPDATE CASCADE,
  ADD CONSTRAINT `doctors_user_id_foreign` FOREIGN KEY (`user_id`) REFERENCES `users` (`id`) ON DELETE CASCADE ON UPDATE CASCADE;

--
-- Constraints for table `doctor_schedules`
--
ALTER TABLE `doctor_schedules`
  ADD CONSTRAINT `doctor_schedules_doctor_id_foreign` FOREIGN KEY (`doctor_id`) REFERENCES `doctors` (`id`) ON DELETE CASCADE ON UPDATE CASCADE;

--
-- Constraints for table `doctor_testimonials`
--
ALTER TABLE `doctor_testimonials`
  ADD CONSTRAINT `doctor_testimonials_doctor_id_foreign` FOREIGN KEY (`doctor_id`) REFERENCES `doctors` (`id`) ON DELETE CASCADE ON UPDATE CASCADE;

--
-- Constraints for table `notifications`
--
ALTER TABLE `notifications`
  ADD CONSTRAINT `notifications_user_id_foreign` FOREIGN KEY (`user_id`) REFERENCES `users` (`id`) ON DELETE CASCADE ON UPDATE CASCADE;

--
-- Constraints for table `patients`
--
ALTER TABLE `patients`
  ADD CONSTRAINT `patients_user_id_foreign` FOREIGN KEY (`user_id`) REFERENCES `users` (`id`) ON DELETE CASCADE ON UPDATE CASCADE;

--
-- Constraints for table `payment_records`
--
ALTER TABLE `payment_records`
  ADD CONSTRAINT `payment_records_appointment_id_foreign` FOREIGN KEY (`appointment_id`) REFERENCES `appointments` (`id`) ON DELETE CASCADE ON UPDATE CASCADE;

--
-- Constraints for table `prescriptions`
--
ALTER TABLE `prescriptions`
  ADD CONSTRAINT `prescriptions_appointment_id_foreign` FOREIGN KEY (`appointment_id`) REFERENCES `appointments` (`id`) ON DELETE CASCADE ON UPDATE CASCADE;

--
-- Constraints for table `users`
--
ALTER TABLE `users`
  ADD CONSTRAINT `users_role_id_foreign` FOREIGN KEY (`role_id`) REFERENCES `roles` (`id`) ON DELETE CASCADE ON UPDATE CASCADE;
COMMIT;

/*!40101 SET CHARACTER_SET_CLIENT=@OLD_CHARACTER_SET_CLIENT */;
/*!40101 SET CHARACTER_SET_RESULTS=@OLD_CHARACTER_SET_RESULTS */;
/*!40101 SET COLLATION_CONNECTION=@OLD_COLLATION_CONNECTION */;
